player_name,player_name_norm,team,position_raw,position,position_group,total_value,apy,guaranteed,contract_years,signing_year,source_url
Dak Prescott,dak prescott,Cowboys,QB,QB,QB,240000000.0,60000000.0,129000000.0,4.0,2024.0,
Joe Burrow,joe burrow,Bengals,QB,QB,QB,275000000.0,55000000.0,146510000.0,5.0,2023.0,
Trevor Lawrence,trevor lawrence,Jaguars,QB,QB,QB,275000000.0,55000000.0,142000000.0,5.0,2024.0,
Jordan Love,jordan love,Packers,QB,QB,QB,220000000.0,55000000.0,100800000.0,4.0,2024.0,
Josh Allen,josh allen,Bills,QB,QB,QB,330000000.0,55000000.0,147000000.0,6.0,2025.0,
Tua Tagovailoa,tua tagovailoa,Dolphins,QB,QB,QB,212400000.0,53100000.0,93171000.0,4.0,2024.0,
Brock Purdy,brock purdy,49ers,QB,QB,QB,265000000.0,53000000.0,100000000.0,5.0,2025.0,
Jared Goff,jared goff,Lions,QB,QB,QB,212000000.0,53000000.0,113611832.0,4.0,2024.0,
Justin Herbert,justin herbert,Chargers,QB,QB,QB,262500000.0,52500000.0,133738375.0,5.0,2023.0,
Lamar Jackson,lamar jackson,Ravens,QB,QB,QB,260000000.0,52000000.0,135000000.0,5.0,2023.0,
Jalen Hurts,jalen hurts,Eagles,QB,QB,QB,255000000.0,51000000.0,110000000.0,5.0,2023.0,
Aaron Rodgers,aaron rodgers,NYJ/GB,QB,QB,QB,150815000.0,50271667.0,101415000.0,3.0,2022.0,
Russell Wilson,russell wilson,Broncos,QB,QB,QB,245000000.0,49000000.0,124000000.0,5.0,2022.0,
Kyler Murray,kyler murray,Cardinals,QB,QB,QB,230500000.0,46100000.0,103300000.0,5.0,2022.0,
Deshaun Watson,deshaun watson,Browns,QB,QB,QB,230000000.0,46000000.0,230000000.0,5.0,2022.0,
Patrick Mahomes,patrick mahomes,Chiefs,QB,QB,QB,450000000.0,45000000.0,63081905.0,10.0,2020.0,
Kirk Cousins,kirk cousins,Falcons,QB,QB,QB,180000000.0,45000000.0,90000000.0,4.0,2024.0,
Daniel Jones,daniel jones,Colts,QB,QB,QB,88000000.0,44000000.0,50000000.0,2.0,2026.0,
Josh Allen,josh allen,Bills,QB,QB,QB,258000000.0,43000000.0,100000000.0,6.0,2021.0,
Derek Carr,derek carr,Raiders,QB,QB,QB,121422481.0,40474160.0,24900000.0,3.0,2022.0,
Ja'Marr Chase,ja'marr chase,Bengals,WR,WR,SKILL,161000000.0,40250000.0,73900000.0,4.0,2025.0,
Matt Stafford,matt stafford,Rams,QB,QB,QB,160000000.0,40000000.0,63000000.0,4.0,2022.0,
Dak Prescott,dak prescott,Cowboys,QB,QB,QB,160000000.0,40000000.0,95000000.0,4.0,2021.0,
Matt Stafford,matt stafford,Rams,QB,QB,QB,80000000.0,40000000.0,40000000.0,2.0,2025.0,
Daniel Jones,daniel jones,Giants,QB,QB,QB,160000000.0,40000000.0,81000000.0,4.0,2023.0,
Deshaun Watson,deshaun watson,Texans,QB,QB,QB,156000000.0,39000000.0,74894247.0,4.0,2020.0,
Geno Smith,geno smith,Raiders,QB,QB,QB,75000000.0,37500000.0,58500000.0,2.0,2025.0,
Derek Carr,derek carr,Saints,QB,QB,QB,150000000.0,37500000.0,60000000.0,4.0,2023.0,
Aaron Rodgers,aaron rodgers,Jets,QB,QB,QB,112500000.0,37500000.0,75000000.0,3.0,2023.0,
Calvin Ridley,calvin ridley,Titans,WR,WR,SKILL,35250000.0,35250000.0,12490000.0,1.0,2026.0,
Russell Wilson,russell wilson,SEA/DEN,QB,QB,QB,140000000.0,35000000.0,70000000.0,4.0,2019.0,
Justin Jefferson,justin jefferson,Vikings,WR,WR,SKILL,140000000.0,35000000.0,88743000.0,4.0,2024.0,
Kirk Cousins,kirk cousins,Vikings,QB,QB,QB,35000000.0,35000000.0,70000000.0,1.0,2022.0,
Ben Roethlisberger,ben roethlisberger,Steelers,QB,QB,QB,68000000.0,34000000.0,37500000.0,2.0,2019.0,
CeeDee Lamb,ceedee lamb,Cowboys,WR,WR,SKILL,136000000.0,34000000.0,67000000.0,4.0,2024.0,
Aaron Rodgers,aaron rodgers,Packers,QB,QB,QB,134000000.0,33500000.0,78700000.0,4.0,2018.0,
Jared Goff,jared goff,DET/LAR,QB,QB,QB,134000000.0,33500000.0,57042682.0,4.0,2019.0,
Sam Darnold,sam darnold,Seahawks,QB,QB,QB,100500000.0,33500000.0,37500000.0,3.0,2025.0,
Baker Mayfield,baker mayfield,Buccaneers,QB,QB,QB,100000000.0,33333333.0,40000000.0,3.0,2024.0,
Kirk Cousins,kirk cousins,Vikings,QB,QB,QB,66000000.0,33000000.0,61000000.0,2.0,2020.0,
D.K. Metcalf,d.k. metcalf,Steelers,WR,WR,SKILL,131999529.0,32999882.0,60000471.0,4.0,2025.0,
Garrett Wilson,garrett wilson,Jets,WR,WR,SKILL,130000000.0,32500000.0,38324819.0,4.0,2025.0,
A.J. Brown,a.j. brown,Eagles,WR,WR,SKILL,96000000.0,32000000.0,51000000.0,3.0,2024.0,
Carson Wentz,carson wentz,PHI/WAS/IND,QB,QB,QB,128000000.0,32000000.0,66470683.0,4.0,2019.0,
Dak Prescott,dak prescott,Cowboys,QB,QB,QB,31409000.0,31409000.0,31409000.0,1.0,2020.0,
Amon-Ra St. Brown,amon-ra st. brown,Lions,WR,WR,SKILL,120010000.0,30002500.0,34666000.0,4.0,2024.0,
Tyreek Hill,tyreek hill,Dolphins,WR,WR,SKILL,120000000.0,30000000.0,52535000.0,4.0,2022.0,
Brandon Aiyuk,brandon aiyuk,49ers,WR,WR,SKILL,120000000.0,30000000.0,45000000.0,4.0,2024.0,
Tyreek Hill,tyreek hill,Dolphins,WR,WR,SKILL,90000000.0,30000000.0,54000000.0,3.0,2024.0,
Matt Ryan,matt ryan,ATL/IND,QB,QB,QB,150000000.0,30000000.0,94500000.0,5.0,2018.0,
Ryan Tannehill,ryan tannehill,Titans,QB,QB,QB,118000000.0,29500000.0,62000000.0,4.0,2020.0,
Terry McLaurin,terry mclaurin,Commanders,WR,WR,SKILL,87000000.0,29000000.0,44650000.0,3.0,2025.0,
Tee Higgins,tee higgins,Bengals,WR,WR,SKILL,115000000.0,28750000.0,30000000.0,4.0,2025.0,
Alec Pierce,alec pierce,Colts,WR,WR,SKILL,114000000.0,28500000.0,60000000.0,4.0,2026.0,
Jaylen Waddle,jaylen waddle,MIA/DEN,WR,WR,SKILL,84750000.0,28250000.0,35978546.0,3.0,2024.0,
Kirk Cousins,kirk cousins,Vikings,QB,QB,QB,84000000.0,28000000.0,84000000.0,3.0,2018.0,
Davante Adams,davante adams,LV/NYJ,WR,WR,SKILL,140000000.0,28000000.0,22750000.0,5.0,2022.0,
Jacoby Brissett,jacoby brissett,Colts,QB,QB,QB,27975000.0,27975000.0,20000000.0,1.0,2019.0,
D.J. Moore,d.j. moore,CHI/BUF,WR,WR,SKILL,110000000.0,27500000.0,43650000.0,4.0,2024.0,
Jimmy Garoppolo,jimmy garoppolo,49ers,QB,QB,QB,137500000.0,27500000.0,48700000.0,5.0,2018.0,
Jake Bobo,jake bobo,Jaguars,WR,WR,SKILL,55000000.0,27500000.0,4500000.0,2.0,2026.0,
George Pickens,george pickens,Cowboys,WR,WR,SKILL,27298000.0,27298000.0,0.0,1.0,2026.0,
DeAndre Hopkins,deandre hopkins,Cardinals,WR,WR,SKILL,54500000.0,27250000.0,42750000.0,2.0,2020.0,
Matt Stafford,matt stafford,LAR/DET,QB,QB,QB,135000000.0,27000000.0,60500000.0,5.0,2017.0,
Cooper Kupp,cooper kupp,Rams,WR,WR,SKILL,80100000.0,26700000.0,35000000.0,3.0,2022.0,
Jameson Williams,jameson williams,Lions,WR,WR,SKILL,80000000.0,26666667.0,30579154.0,3.0,2025.0,
Derek Carr,derek carr,Raiders,QB,QB,QB,125025000.0,25005000.0,40000000.0,5.0,2017.0,
Tom Brady,tom brady,Buccaneers,QB,QB,QB,25000000.0,25000000.0,25000000.0,1.0,2021.0,
Drew Brees,drew brees,Saints,QB,QB,QB,50000000.0,25000000.0,27000000.0,2.0,2018.0,
Geno Smith,geno smith,LV/SEA,QB,QB,QB,75000000.0,25000000.0,27300000.0,3.0,2023.0,
Drew Brees,drew brees,Saints,QB,QB,QB,50000000.0,25000000.0,25000000.0,2.0,2020.0,
Philip Rivers,philip rivers,Colts,QB,QB,QB,25000000.0,25000000.0,25000000.0,1.0,2020.0,
A.J. Brown,a.j. brown,Eagles,WR,WR,SKILL,100000000.0,25000000.0,40000000.0,4.0,2022.0,
DeVonta Smith,devonta smith,Eagles,WR,WR,SKILL,75000000.0,25000000.0,33997554.0,3.0,2024.0,
Tom Brady,tom brady,Buccaneers,QB,QB,QB,50000000.0,25000000.0,50000000.0,2.0,2020.0,
Andrew Luck,andrew luck,Colts,QB,QB,QB,122970000.0,24594000.0,47000000.0,5.0,2016.0,
Jimmy Garoppolo,jimmy garoppolo,Raiders,QB,QB,QB,72750000.0,24250000.0,33750000.0,3.0,2023.0,
Drew Brees,drew brees,Saints,QB,QB,QB,24250000.0,24250000.0,24250000.0,1.0,2016.0,
Nico Collins,nico collins,Texans,WR,WR,SKILL,72750000.0,24250000.0,32116000.0,3.0,2024.0,
Stefon Diggs,stefon diggs,Bills,WR,WR,SKILL,96000000.0,24000000.0,47985000.0,4.0,2022.0,
D.K. Metcalf,d.k. metcalf,Seahawks,WR,WR,SKILL,72000000.0,24000000.0,31000000.0,3.0,2022.0,
Kirk Cousins,kirk cousins,Commanders,QB,QB,QB,23943600.0,23943600.0,23943600.0,1.0,2017.0,
Deebo Samuel,deebo samuel,SF/WAS,WR,WR,SKILL,71550000.0,23850000.0,41000000.0,3.0,2022.0,
Alex Smith,alex smith,Commanders,QB,QB,QB,94000000.0,23500000.0,55000000.0,4.0,2018.0,
"Michael Pittman, Jr.","michael pittman, jr.",IND/PIT,WR,WR,SKILL,70000000.0,23333333.0,41000000.0,3.0,2024.0,
Terry McLaurin,terry mclaurin,Commanders,WR,WR,SKILL,69600000.0,23200000.0,34654118.0,3.0,2022.0,
Calvin Ridley,calvin ridley,Titans,WR,WR,SKILL,92000000.0,23000000.0,46980000.0,4.0,2024.0,
Courtland Sutton,courtland sutton,Broncos,WR,WR,SKILL,92000000.0,23000000.0,40000000.0,4.0,2025.0,
Tom Brady,tom brady,Patriots,QB,QB,QB,23000000.0,23000000.0,22000000.0,1.0,2019.0,
Stefon Diggs,stefon diggs,Texans,WR,WR,SKILL,22520000.0,22520000.0,22015000.0,1.0,2024.0,
Malik Willis,malik willis,Dolphins,QB,QB,QB,67500000.0,22500000.0,45000000.0,3.0,2026.0,
Joe Flacco,joe flacco,DEN/BAL,QB,QB,QB,66400000.0,22133333.0,44000000.0,3.0,2016.0,
Nick Foles,nick foles,CHI/JAX,QB,QB,QB,88000000.0,22000000.0,45125000.0,4.0,2019.0,
Davante Adams,davante adams,Rams,WR,WR,SKILL,44000000.0,22000000.0,26000000.0,2.0,2025.0,
Chris Godwin,chris godwin,Buccaneers,WR,WR,SKILL,66000000.0,22000000.0,44000000.0,3.0,2025.0,
Aaron Rodgers,aaron rodgers,Packers,QB,QB,QB,110000000.0,22000000.0,54000000.0,5.0,2013.0,
Julio Jones,julio jones,ATL/TEN,WR,WR,SKILL,66000000.0,22000000.0,64000000.0,3.0,2019.0,
Russell Wilson,russell wilson,Seahawks,QB,QB,QB,87600000.0,21900000.0,31700000.0,4.0,2015.0,
Ben Roethlisberger,ben roethlisberger,Steelers,QB,QB,QB,87400000.0,21850000.0,34250000.0,4.0,2015.0,
Tee Higgins,tee higgins,Bengals,WR,WR,SKILL,21816000.0,21816000.0,21816000.0,1.0,2024.0,
Stefon Diggs,stefon diggs,Patriots,WR,WR,SKILL,63500000.0,21166667.0,16600000.0,3.0,2025.0,
Carson Palmer,carson palmer,Cardinals,QB,QB,QB,21000000.0,21000000.0,11650000.0,1.0,2016.0,
Teddy Bridgewater,teddy bridgewater,Panthers,QB,QB,QB,63000000.0,21000000.0,33000000.0,3.0,2020.0,
Eli Manning,eli manning,Giants,QB,QB,QB,84000000.0,21000000.0,36500000.0,4.0,2015.0,
Philip Rivers,philip rivers,Chargers,QB,QB,QB,83250000.0,20812500.0,37500000.0,4.0,2015.0,
Cam Newton,cam newton,Panthers,QB,QB,QB,103800000.0,20760000.0,41000000.0,5.0,2015.0,
Matt Ryan,matt ryan,Falcons,QB,QB,QB,103750000.0,20750000.0,42000000.0,5.0,2013.0,
D.J. Moore,d.j. moore,CAR/CHI,WR,WR,SKILL,61884000.0,20628000.0,41610000.0,3.0,2022.0,
Saquon Barkley,saquon barkley,Eagles,RB,RB,SKILL,41200000.0,20600000.0,36000000.0,2.0,2025.0,
Tom Brady,tom brady,Patriots,QB,QB,QB,41000000.0,20500000.0,28000000.0,2.0,2016.0,
Mike Evans,mike evans,Buccaneers,WR,WR,SKILL,41000000.0,20500000.0,29000000.0,2.0,2024.0,
Joe Flacco,joe flacco,Ravens,QB,QB,QB,120600000.0,20100000.0,51000000.0,6.0,2013.0,
Keenan Allen,keenan allen,LAC/CHI,WR,WR,SKILL,80100000.0,20025000.0,32000000.0,4.0,2020.0,
Jakobi Meyers,jakobi meyers,Jaguars,WR,WR,SKILL,60000000.0,20000000.0,30000000.0,3.0,2025.0,
Chris Godwin,chris godwin,Buccaneers,WR,WR,SKILL,60000000.0,20000000.0,40000000.0,3.0,2022.0,
Justin Fields,justin fields,Jets,QB,QB,QB,40000000.0,20000000.0,30000000.0,2.0,2025.0,
Mike Williams,mike williams,Chargers,WR,WR,SKILL,60000000.0,20000000.0,40000000.0,3.0,2022.0,
Amari Cooper,amari cooper,CLE/DAL/BUF,WR,WR,SKILL,100000000.0,20000000.0,40000000.0,5.0,2020.0,
Drew Brees,drew brees,Saints,QB,QB,QB,100000000.0,20000000.0,40000000.0,5.0,2012.0,
Sam Bradford,sam bradford,Cardinals,QB,QB,QB,40000000.0,20000000.0,15000000.0,2.0,2018.0,
Kirk Cousins,kirk cousins,Commanders,QB,QB,QB,19953000.0,19953000.0,19953000.0,1.0,2016.0,
Brandin Cooks,brandin cooks,Texans,WR,WR,SKILL,39764706.0,19882353.0,36000000.0,2.0,2022.0,
Ryan Tannehill,ryan tannehill,Dolphins,QB,QB,QB,77000000.0,19250000.0,21500000.0,4.0,2015.0,
Michael Thomas,michael thomas,Saints,WR,WR,SKILL,96250000.0,19250000.0,35648043.0,5.0,2019.0,
Peyton Manning,peyton manning,Broncos,QB,QB,QB,96000000.0,19200000.0,18000000.0,5.0,2012.0,
George Kittle,george kittle,49ers,TE,TE,SKILL,76400000.0,19100000.0,35000000.0,4.0,2025.0,
Colin Kaepernick,colin kaepernick,49ers,QB,QB,QB,114000000.0,19000000.0,12973766.0,6.0,2014.0,
Trey McBride,trey mcbride,Cardinals,TE,TE,SKILL,76000000.0,19000000.0,32500000.0,4.0,2025.0,
Christian McCaffrey,christian mccaffrey,49ers,RB,RB,SKILL,38000000.0,19000000.0,24000000.0,2.0,2024.0,
Diontae Johnson,diontae johnson,HOU/CAR/BAL/PIT,WR,WR,SKILL,36710000.0,18355000.0,19000000.0,2.0,2022.0,
Jay Cutler,jay cutler,Bears,QB,QB,QB,126700000.0,18100000.0,38000000.0,7.0,2014.0,
Tyrod Taylor,tyrod taylor,Bills,QB,QB,QB,90000000.0,18000000.0,9500000.0,5.0,2016.0,
Brock Osweiler,brock osweiler,CLE/HOU,QB,QB,QB,72000000.0,18000000.0,37000000.0,4.0,2016.0,
Tyreek Hill,tyreek hill,Chiefs,WR,WR,SKILL,54000000.0,18000000.0,18340000.0,3.0,2019.0,
Kenny Golladay,kenny golladay,Giants,WR,WR,SKILL,72000000.0,18000000.0,28000000.0,4.0,2021.0,
Odell Beckham Jr.,odell beckham jr.,NYG/CLE,WR,WR,SKILL,90000000.0,18000000.0,40959000.0,5.0,2018.0,
Tony Romo,tony romo,Cowboys,QB,QB,QB,108000000.0,18000000.0,40000000.0,6.0,2013.0,
Peyton Manning,peyton manning,Colts,QB,QB,QB,90000000.0,18000000.0,20000000.0,5.0,2011.0,
Case Keenum,case keenum,Broncos,QB,QB,QB,36000000.0,18000000.0,25000000.0,2.0,2018.0,
Tom Brady,tom brady,Patriots,QB,QB,QB,72000000.0,18000000.0,18300000.0,4.0,2010.0,
Christian Kirk,christian kirk,JAX/HOU,WR,WR,SKILL,72000000.0,18000000.0,37000000.0,4.0,2022.0,
Allen Robinson,allen robinson,Bears,WR,WR,SKILL,17980000.0,17980000.0,17880000.0,1.0,2021.0,
A.J. Green,a.j. green,Bengals,WR,WR,SKILL,17971000.0,17971000.0,17971000.0,1.0,2020.0,
Matt Stafford,matt stafford,Lions,QB,QB,QB,53000000.0,17666667.0,33500000.0,3.0,2013.0,
Wan'Dale Robinson,wan'dale robinson,Titans,WR,WR,SKILL,70000000.0,17500000.0,38000000.0,4.0,2026.0,
Jerry Jeudy,jerry jeudy,Browns,WR,WR,SKILL,52500000.0,17500000.0,41000000.0,3.0,2024.0,
"Michael Pittman, Jr.","michael pittman, jr.",Steelers,WR,WR,SKILL,35000000.0,17500000.0,24000000.0,2.0,2026.0,
Sam Bradford,sam bradford,PHI/MIN,QB,QB,QB,35000000.0,17500000.0,22000000.0,2.0,2016.0,
Blake Bortles,blake bortles,Jaguars,QB,QB,QB,34947000.0,17483500.0,26500000.0,2.0,2018.0,
Tyler Lockett,tyler lockett,Seahawks,WR,WR,SKILL,69200000.0,17300000.0,21000000.0,4.0,2021.0,
Travis Kelce,travis kelce,Chiefs,TE,TE,SKILL,34250000.0,17125000.0,17000000.0,2.0,2024.0,
Rashid Shaheed,rashid shaheed,Seahawks,WR,WR,SKILL,51000000.0,17000000.0,23000000.0,3.0,2026.0,
Alex Smith,alex smith,Chiefs,QB,QB,QB,68000000.0,17000000.0,19000000.0,4.0,2014.0,
Romeo Doubs,romeo doubs,Patriots,WR,WR,SKILL,68000000.0,17000000.0,35000000.0,4.0,2026.0,
Antonio Brown,antonio brown,Steelers,WR,WR,SKILL,68000000.0,17000000.0,19000000.0,4.0,2017.0,
Peyton Manning,peyton manning,Broncos,QB,QB,QB,34000000.0,17000000.0,15000000.0,2.0,2015.0,
Darren Waller,darren waller,NYG/LV,TE,TE,SKILL,51000000.0,17000000.0,19250000.0,3.0,2022.0,
Antonio Brown,antonio brown,Raiders,WR,WR,SKILL,50125000.0,16708333.0,30125000.0,3.0,2019.0,
T.J. Hockenson,t.j. hockenson,Vikings,TE,TE,SKILL,66000000.0,16500000.0,29292000.0,4.0,2023.0,
Mike Evans,mike evans,Buccaneers,WR,WR,SKILL,82500000.0,16500000.0,38258000.0,5.0,2018.0,
Carson Palmer,carson palmer,Cardinals,QB,QB,QB,49500000.0,16500000.0,14235294.0,3.0,2014.0,
Eli Manning,eli manning,Giants,QB,QB,QB,97500000.0,16250000.0,20500000.0,6.0,2009.0,
Robert Woods,robert woods,LAR/TEN,WR,WR,SKILL,65000000.0,16250000.0,18205882.0,4.0,2020.0,
Calvin Johnson,calvin johnson,Lions,WR,WR,SKILL,113450000.0,16207143.0,48750000.0,7.0,2012.0,
Brandin Cooks,brandin cooks,HOU/LAR,WR,WR,SKILL,81000000.0,16200000.0,20459000.0,5.0,2018.0,
DeAndre Hopkins,deandre hopkins,HOU/ARI,WR,WR,SKILL,81000000.0,16200000.0,36500000.0,5.0,2017.0,
Adam Thielen,adam thielen,Vikings,WR,WR,SKILL,64800000.0,16200000.0,14105000.0,4.0,2019.0,
Carson Palmer,carson palmer,Bengals,QB,QB,QB,97000000.0,16166667.0,24000000.0,6.0,2005.0,
Larry Fitzgerald,larry fitzgerald,Cardinals,WR,WR,SKILL,113000000.0,16142857.0,20000000.0,7.0,2011.0,
Christian McCaffrey,christian mccaffrey,CAR/SF,RB,RB,SKILL,64063412.0,16015853.0,30062500.0,4.0,2020.0,
Andy Dalton,andy dalton,Bengals,QB,QB,QB,96000000.0,16000000.0,17000000.0,6.0,2014.0,
Sammy Watkins,sammy watkins,Chiefs,WR,WR,SKILL,48000000.0,16000000.0,30000000.0,3.0,2018.0,
Brett Favre,brett favre,Vikings,QB,QB,QB,16000000.0,16000000.0,4400000.0,1.0,2010.0,
Michael Vick,michael vick,Eagles,QB,QB,QB,80000000.0,16000000.0,32500000.0,5.0,2011.0,
Chris Godwin,chris godwin,Buccaneers,WR,WR,SKILL,15983000.0,15983000.0,15983000.0,1.0,2021.0,
Jarvis Landry,jarvis landry,Dolphins,WR,WR,SKILL,15982000.0,15982000.0,0.0,1.0,2018.0,
Hunter Renfrow,hunter renfrow,Raiders,WR,WR,SKILL,31700000.0,15850000.0,14500000.0,2.0,2022.0,
Cooper Kupp,cooper kupp,Rams,WR,WR,SKILL,47250000.0,15750000.0,20633000.0,3.0,2020.0,
Colin Kaepernick,colin kaepernick,49ers,QB,QB,QB,31200000.0,15600000.0,13275000.0,2.0,2016.0,
Allen Robinson,allen robinson,Rams,WR,WR,SKILL,46500000.0,15500000.0,30250000.0,3.0,2022.0,
Matt Schaub,matt schaub,Texans,QB,QB,QB,62000000.0,15500000.0,24250000.0,4.0,2012.0,
Baker Mayfield,baker mayfield,CAR/LAR,QB,QB,QB,15358000.0,15358000.0,15358000.0,1.0,2022.0,
Philip Rivers,philip rivers,Chargers,QB,QB,QB,91800000.0,15300000.0,33350000.0,6.0,2009.0,
Tyrod Taylor,tyrod taylor,BUF/CLE,QB,QB,QB,30500000.0,15250000.0,15500000.0,2.0,2017.0,
Kyle Pitts,kyle pitts,Falcons,TE,TE,SKILL,15045000.0,15045000.0,0.0,1.0,2026.0,
Ezekiel Elliott,ezekiel elliott,Cowboys,RB,RB,SKILL,90000000.0,15000000.0,28052137.0,6.0,2019.0,
Alvin Kamara,alvin kamara,Saints,RB,RB,SKILL,75000000.0,15000000.0,17833000.0,5.0,2020.0,
A.J. Green,a.j. green,Bengals,WR,WR,SKILL,60000000.0,15000000.0,26750000.0,4.0,2015.0,
Odell Beckham Jr.,odell beckham jr.,Ravens,WR,WR,SKILL,15000000.0,15000000.0,15000000.0,1.0,2023.0,
Courtland Sutton,courtland sutton,Broncos,WR,WR,SKILL,60000000.0,15000000.0,18848944.0,4.0,2021.0,
George Kittle,george kittle,49ers,TE,TE,SKILL,75000000.0,15000000.0,30000000.0,5.0,2020.0,
Derrick Henry,derrick henry,Ravens,RB,RB,SKILL,30000000.0,15000000.0,25000000.0,2.0,2025.0,
Mike Glennon,mike glennon,Bears,QB,QB,QB,45000000.0,15000000.0,18500000.0,3.0,2017.0,
Cooper Kupp,cooper kupp,Seahawks,WR,WR,SKILL,45000000.0,15000000.0,17500000.0,3.0,2025.0,
Tyler Lockett,tyler lockett,Seahawks,WR,WR,SKILL,30000000.0,15000000.0,12660000.0,2.0,2024.0,
Adam Thielen,adam thielen,Vikings,WR,WR,SKILL,44677058.0,14892353.0,13253529.0,3.0,2022.0,
Robbie Chosen,robbie chosen,ARI/CAR,WR,WR,SKILL,29500000.0,14750000.0,20500000.0,2.0,2021.0,
Alshon Jeffery,alshon jeffery,Bears,WR,WR,SKILL,14599000.0,14599000.0,14599000.0,1.0,2016.0,
Le'Veon Bell,le'veon bell,Steelers,RB,RB,SKILL,14544000.0,14544000.0,0.0,1.0,2018.0,
Davante Adams,davante adams,Packers,WR,WR,SKILL,58000000.0,14500000.0,18000000.0,4.0,2017.0,
Stefon Diggs,stefon diggs,BUF/MIN,WR,WR,SKILL,72000000.0,14400000.0,16907000.0,5.0,2018.0,
Todd Gurley,todd gurley,Rams,RB,RB,SKILL,57500000.0,14375000.0,21950000.0,4.0,2018.0,
Kenneth Walker III,kenneth walker iii,Chiefs,RB,RB,SKILL,43050000.0,14350000.0,28700000.0,3.0,2026.0,
Travis Kelce,travis kelce,Chiefs,TE,TE,SKILL,57250000.0,14312500.0,21000000.0,4.0,2020.0,
Breece Hall,breece hall,Jets,RB,RB,SKILL,14293000.0,14293000.0,0.0,1.0,2026.0,
Dallas Goedert,dallas goedert,Eagles,TE,TE,SKILL,57000000.0,14250000.0,14877549.0,4.0,2021.0,
Julio Jones,julio jones,Falcons,WR,WR,SKILL,71250000.0,14250000.0,35500000.0,5.0,2015.0,
Adrian Peterson,adrian peterson,Vikings,RB,RB,SKILL,85280000.0,14213333.0,20250000.0,6.0,2011.0,
Mike Evans,mike evans,49ers,WR,WR,SKILL,42500000.0,14166667.0,14300000.0,3.0,2026.0,
Mark Andrews,mark andrews,Ravens,TE,TE,SKILL,56000000.0,14000000.0,30083059.0,4.0,2021.0,
Allen Robinson,allen robinson,Bears,WR,WR,SKILL,42000000.0,14000000.0,18000000.0,3.0,2018.0,
Dez Bryant,dez bryant,Cowboys,WR,WR,SKILL,70000000.0,14000000.0,32000000.0,5.0,2015.0,
Jonathan Taylor,jonathan taylor,Colts,RB,RB,SKILL,42000000.0,14000000.0,19347556.0,3.0,2023.0,
Demaryius Thomas,demaryius thomas,Broncos,WR,WR,SKILL,70000000.0,14000000.0,35000000.0,5.0,2015.0,
Adrian Peterson,adrian peterson,Vikings,RB,RB,SKILL,42000000.0,14000000.0,13000000.0,3.0,2015.0,
Courtland Sutton,courtland sutton,Broncos,WR,WR,SKILL,27500000.0,13750000.0,0.0,2.0,2024.0,
Evan Engram,evan engram,Jaguars,TE,TE,SKILL,41250000.0,13750000.0,24000000.0,3.0,2023.0,
David Njoku,david njoku,Browns,TE,TE,SKILL,54750000.0,13687500.0,17000000.0,4.0,2022.0,
Chris Johnson,chris johnson,Titans,RB,RB,SKILL,53975000.0,13493750.0,13000000.0,4.0,2011.0,
Isaiah Likely,isaiah likely,Giants,TE,TE,SKILL,40000000.0,13333333.0,20500000.0,3.0,2026.0,
Khalil Shakir,khalil shakir,Bills,WR,WR,SKILL,53000000.0,13250000.0,18100000.0,4.0,2025.0,
Le'Veon Bell,le'veon bell,Jets,RB,RB,SKILL,52500000.0,13125000.0,27000000.0,4.0,2019.0,
Mark Andrews,mark andrews,Ravens,TE,TE,SKILL,39267000.0,13089000.0,20944444.0,3.0,2025.0,
Darnell Mooney,darnell mooney,Falcons,WR,WR,SKILL,39000000.0,13000000.0,26000000.0,3.0,2024.0,
Gabriel Davis,gabriel davis,Jaguars,WR,WR,SKILL,39000000.0,13000000.0,24000000.0,3.0,2024.0,
Alshon Jeffery,alshon jeffery,Eagles,WR,WR,SKILL,52000000.0,13000000.0,14250000.0,4.0,2017.0,
Dawson Knox,dawson knox,Bills,TE,TE,SKILL,52000000.0,13000000.0,19920000.0,4.0,2022.0,
T.Y. Hilton,t.y. hilton,Colts,WR,WR,SKILL,65000000.0,13000000.0,11000000.0,5.0,2015.0,
David Johnson,david johnson,HOU/ARI,RB,RB,SKILL,39000000.0,13000000.0,24682500.0,3.0,2018.0,
DeAndre Hopkins,deandre hopkins,TEN/KC,WR,WR,SKILL,26000000.0,13000000.0,10980000.0,2.0,2023.0,
Percy Harvin,percy harvin,NYJ/SEA,WR,WR,SKILL,64217500.0,12843500.0,14500000.0,5.0,2013.0,
Dalvin Cook,dalvin cook,Vikings,RB,RB,SKILL,63000000.0,12600000.0,16331361.0,5.0,2020.0,
Dalton Schultz,dalton schultz,Texans,TE,TE,SKILL,12600000.0,12600000.0,17600000.0,1.0,2026.0,
Saquon Barkley,saquon barkley,Eagles,RB,RB,SKILL,37750000.0,12583333.0,26000000.0,3.0,2024.0,
Derrick Henry,derrick henry,Titans,RB,RB,SKILL,50000000.0,12500000.0,25500000.0,4.0,2020.0,
Cole Kmet,cole kmet,Bears,TE,TE,SKILL,50000000.0,12500000.0,22893000.0,4.0,2023.0,
Jonnu Smith,jonnu smith,ATL/NE,TE,TE,SKILL,50000000.0,12500000.0,31250000.0,4.0,2021.0,
Hunter Henry,hunter henry,Patriots,TE,TE,SKILL,37500000.0,12500000.0,25000000.0,3.0,2021.0,
Corey Davis,corey davis,Jets,WR,WR,SKILL,37500000.0,12500000.0,27000000.0,3.0,2021.0,
Jake Ferguson,jake ferguson,Cowboys,TE,TE,SKILL,50000000.0,12500000.0,20656000.0,4.0,2025.0,
Alvin Kamara,alvin kamara,Saints,RB,RB,SKILL,24500000.0,12250000.0,19233333.0,2.0,2024.0,
Rashod Bateman,rashod bateman,Ravens,WR,WR,SKILL,36750000.0,12250000.0,16500000.0,3.0,2025.0,
Nick Chubb,nick chubb,Browns,RB,RB,SKILL,36600000.0,12200000.0,17133059.0,3.0,2021.0,
Le'Veon Bell,le'veon bell,Steelers,RB,RB,SKILL,12120000.0,12120000.0,12120000.0,1.0,2017.0,
Pat Freiermuth,pat freiermuth,Steelers,TE,TE,SKILL,48400000.0,12100000.0,11600000.0,4.0,2024.0,
Jonnu Smith,jonnu smith,Steelers,TE,TE,SKILL,12010000.0,12010000.0,7745000.0,1.0,2025.0,
Joe Mixon,joe mixon,Bengals,RB,RB,SKILL,48000000.0,12000000.0,10000000.0,4.0,2020.0,
Mike Wallace,mike wallace,MIN/MIA,WR,WR,SKILL,60000000.0,12000000.0,27000000.0,3.0,2013.0,
Travis Kelce,travis kelce,Chiefs,TE,TE,SKILL,12000000.0,12000000.0,12000000.0,1.0,2026.0,
Josh Jacobs,josh jacobs,Packers,RB,RB,SKILL,48000000.0,12000000.0,12500000.0,4.0,2024.0,
Marshawn Lynch,marshawn lynch,Seahawks,RB,RB,SKILL,24000000.0,12000000.0,12000000.0,2.0,2015.0,
Aaron Jones,aaron jones,Packers,RB,RB,SKILL,48000000.0,12000000.0,13000000.0,4.0,2021.0,
Dalton Schultz,dalton schultz,Texans,TE,TE,SKILL,36000000.0,12000000.0,23500000.0,3.0,2024.0,
Darius Slayton,darius slayton,Giants,WR,WR,SKILL,36000000.0,12000000.0,22000000.0,3.0,2025.0,
Josh Jacobs,josh jacobs,Raiders,RB,RB,SKILL,11791000.0,11791000.0,10091000.0,1.0,2023.0,
Travis Etienne,travis etienne,Saints,RB,RB,SKILL,47000000.0,11750000.0,24000000.0,4.0,2026.0,
Jalen Nailor,jalen nailor,Raiders,WR,WR,SKILL,35030000.0,11676667.0,18000000.0,3.0,2026.0,
Travis Hunter,travis hunter,Jaguars,WR,WR,SKILL,46649112.0,11662278.0,46649112.0,4.0,2025.0,
Evan Engram,evan engram,Broncos,TE,TE,SKILL,23000000.0,11500000.0,16500000.0,2.0,2025.0,
Larry Fitzgerald,larry fitzgerald,Cardinals,WR,WR,SKILL,11500000.0,11500000.0,11000000.0,1.0,2020.0,
Michael Gallup,michael gallup,Cowboys,WR,WR,SKILL,57500000.0,11500000.0,23000000.0,5.0,2022.0,
Curtis Samuel,curtis samuel,Commanders,WR,WR,SKILL,34500000.0,11500000.0,21500000.0,3.0,2021.0,
James Cook,james cook,Bills,RB,RB,SKILL,46000000.0,11500000.0,15280000.0,4.0,2025.0,
Aaron Jones,aaron jones,Packers,RB,RB,SKILL,23000000.0,11500000.0,8520000.0,2.0,2023.0,
Doug Baldwin,doug baldwin,Seahawks,WR,WR,SKILL,46000000.0,11500000.0,12000000.0,4.0,2016.0,
Vincent Jackson,vincent jackson,Chargers,WR,WR,SKILL,11424000.0,11424000.0,11424000.0,1.0,2011.0,
Keenan Allen,keenan allen,Chargers,WR,WR,SKILL,45000000.0,11250000.0,20656000.0,4.0,2016.0,
Dwayne Bowe,dwayne bowe,Chiefs,WR,WR,SKILL,56000000.0,11200000.0,20000000.0,5.0,2013.0,
DeSean Jackson,desean jackson,PHI/TB,WR,WR,SKILL,33500000.0,11166667.0,20000000.0,3.0,2017.0,
Vincent Jackson,vincent jackson,Buccaneers,WR,WR,SKILL,55555555.0,11111111.0,26000000.0,5.0,2012.0,
Tyrell Williams,tyrell williams,Raiders,WR,WR,SKILL,44400000.0,11100000.0,10000000.0,4.0,2019.0,
Jeremy Maclin,jeremy maclin,Chiefs,WR,WR,SKILL,55000000.0,11000000.0,22500000.0,5.0,2015.0,
Kyren Williams,kyren williams,Rams,RB,RB,SKILL,33000000.0,11000000.0,15145000.0,3.0,2025.0,
Jakobi Meyers,jakobi meyers,JAX/LV,WR,WR,SKILL,33000000.0,11000000.0,16000000.0,3.0,2023.0,
Allen Lazard,allen lazard,Jets,WR,WR,SKILL,44000000.0,11000000.0,22000000.0,4.0,2023.0,
Emmanuel Sanders,emmanuel sanders,Broncos,WR,WR,SKILL,33000000.0,11000000.0,20000000.0,3.0,2016.0,
Larry Fitzgerald,larry fitzgerald,Cardinals,WR,WR,SKILL,11000000.0,11000000.0,0.0,1.0,2016.0,
Larry Fitzgerald,larry fitzgerald,Cardinals,WR,WR,SKILL,11000000.0,11000000.0,11000000.0,1.0,2019.0,
Larry Fitzgerald,larry fitzgerald,Cardinals,WR,WR,SKILL,22000000.0,11000000.0,22000000.0,2.0,2015.0,
Larry Fitzgerald,larry fitzgerald,Cardinals,WR,WR,SKILL,11000000.0,11000000.0,0.0,1.0,2017.0,
Christian Watson,christian watson,Packers,WR,WR,SKILL,11000000.0,11000000.0,6067078.0,1.0,2025.0,
Nelson Agholor,nelson agholor,Patriots,WR,WR,SKILL,22000000.0,11000000.0,16000000.0,2.0,2021.0,
Mike Gesicki,mike gesicki,Dolphins,TE,TE,SKILL,10931000.0,10931000.0,10931000.0,1.0,2022.0,
Dalton Schultz,dalton schultz,Cowboys,TE,TE,SKILL,10931000.0,10931000.0,10931000.0,1.0,2022.0,
Steve Smith Sr.,steve smith sr.,Panthers,WR,WR,SKILL,32700000.0,10900000.0,9300000.0,3.0,2007.0,
Tyler Boyd,tyler boyd,Bengals,WR,WR,SKILL,43000000.0,10750000.0,9000000.0,4.0,2019.0,
Will Fuller,will fuller,Dolphins,WR,WR,SKILL,10625011.0,10625011.0,10625011.0,1.0,2021.0,
Hunter Henry,hunter henry,Chargers,TE,TE,SKILL,10607000.0,10607000.0,10607000.0,1.0,2020.0,
Tyler Lockett,tyler lockett,Seahawks,WR,WR,SKILL,31800000.0,10600000.0,11000000.0,3.0,2018.0,
Tavon Austin,tavon austin,Rams,WR,WR,SKILL,42222004.0,10555501.0,17000000.0,4.0,2016.0,
Zach Ertz,zach ertz,Cardinals,TE,TE,SKILL,31650000.0,10550000.0,14500000.0,3.0,2022.0,
Austin Hooper,austin hooper,Browns,TE,TE,SKILL,42000000.0,10500000.0,18500000.0,4.0,2020.0,
Noah Fant,noah fant,Seahawks,TE,TE,SKILL,21000000.0,10500000.0,11490000.0,2.0,2024.0,
Sterling Shepard,sterling shepard,Giants,WR,WR,SKILL,41000000.0,10250000.0,16210624.0,4.0,2019.0,
T.J. Hockenson,t.j. hockenson,Vikings,TE,TE,SKILL,10250000.0,10250000.0,10150000.0,1.0,2026.0,
Juwan Johnson,juwan johnson,Saints,TE,TE,SKILL,30750000.0,10250000.0,21250000.0,3.0,2025.0,
DeVante Parker,devante parker,NE/MIA,WR,WR,SKILL,30500000.0,10166667.0,14000000.0,3.0,2019.0,
Tony Pollard,tony pollard,Cowboys,RB,RB,SKILL,10091000.0,10091000.0,10091000.0,1.0,2023.0,
Saquon Barkley,saquon barkley,Giants,RB,RB,SKILL,10091000.0,10091000.0,10091000.0,1.0,2023.0,
Allen Hurns,allen hurns,Jaguars,WR,WR,SKILL,40050000.0,10012500.0,16000000.0,4.0,2016.0,
Tim Patrick,tim patrick,Broncos,WR,WR,SKILL,30000000.0,10000000.0,13004000.0,3.0,2021.0,
Larry Fitzgerald,larry fitzgerald,Cardinals,WR,WR,SKILL,40000000.0,10000000.0,15000000.0,4.0,2008.0,
Devin Funchess,devin funchess,Colts,WR,WR,SKILL,10000000.0,10000000.0,7000000.0,1.0,2019.0,
Randall Cobb,randall cobb,Packers,WR,WR,SKILL,40000000.0,10000000.0,13000000.0,4.0,2015.0,
Brandon Marshall,brandon marshall,Bears,WR,WR,SKILL,30000000.0,10000000.0,14800000.0,3.0,2014.0,
Dyami Brown,dyami brown,Jaguars,WR,WR,SKILL,10000000.0,10000000.0,9500000.0,1.0,2025.0,
Tutu Atwell,tutu atwell,Rams,WR,WR,SKILL,10000000.0,10000000.0,10000000.0,1.0,2025.0,
Cade Otton,cade otton,Buccaneers,TE,TE,SKILL,30000000.0,10000000.0,20000000.0,3.0,2026.0,
Jimmy Graham,jimmy graham,NO/SEA,TE,TE,SKILL,40000000.0,10000000.0,13000000.0,4.0,2014.0,
Jimmy Graham,jimmy graham,Packers,TE,TE,SKILL,30000000.0,10000000.0,11000000.0,3.0,2018.0,
Josh Palmer,josh palmer,Bills,WR,WR,SKILL,30000000.0,10000000.0,15000000.0,3.0,2025.0,
Taysom Hill,taysom hill,Saints,TE,TE,SKILL,40000000.0,10000000.0,10100000.0,4.0,2021.0,
Mike Williams,mike williams,NYJ/PIT,WR,WR,SKILL,10000000.0,10000000.0,8300000.0,1.0,2024.0,
Dallas Goedert,dallas goedert,Eagles,TE,TE,SKILL,10000000.0,10000000.0,10000000.0,1.0,2025.0,
Aaron Jones,aaron jones,Vikings,RB,RB,SKILL,20000000.0,10000000.0,11500000.0,2.0,2025.0,
Brandin Cooks,brandin cooks,Cowboys,WR,WR,SKILL,20000000.0,10000000.0,12000000.0,2.0,2023.0,
Michael Thomas,michael thomas,Saints,WR,WR,SKILL,10000000.0,10000000.0,6260000.0,1.0,2023.0,
Russell Gage,russell gage,Buccaneers,WR,WR,SKILL,30000000.0,10000000.0,15000000.0,3.0,2022.0,
Dawson Knox,dawson knox,Bills,TE,TE,SKILL,20000000.0,10000000.0,10000000.0,2.0,2026.0,
Robbie Chosen,robbie chosen,Panthers,WR,WR,SKILL,20000000.0,10000000.0,10000000.0,2.0,2020.0,
D.J. Chark,d.j. chark,Lions,WR,WR,SKILL,10000000.0,10000000.0,10000000.0,1.0,2022.0,
Marquez Valdes-Scantling,marquez valdes-scantling,Chiefs,WR,WR,SKILL,30000000.0,10000000.0,8560000.0,3.0,2022.0,
Joe Mixon,joe mixon,Texans,RB,RB,SKILL,19750000.0,9875000.0,13000000.0,2.0,2024.0,
Dawson Knox,dawson knox,Bills,TE,TE,SKILL,29500000.0,9833333.0,12750000.0,3.0,2024.0,
Jordy Nelson,jordy nelson,Packers,WR,WR,SKILL,39050000.0,9762500.0,11500000.0,4.0,2014.0,
DeSean Jackson,desean jackson,Eagles,WR,WR,SKILL,48500000.0,9700000.0,15000000.0,5.0,2012.0,
Calvin Johnson,calvin johnson,Lions,WR,WR,SKILL,58000000.0,9666667.0,27170800.0,6.0,2007.0,
Donte Moncrief,donte moncrief,Jaguars,WR,WR,SKILL,9600000.0,9600000.0,9600000.0,1.0,2018.0,
Marvin Harrison,marvin harrison,Colts,WR,WR,SKILL,67000000.0,9571429.0,6000000.0,7.0,2004.0,
Wes Welker,wes welker,Patriots,WR,WR,SKILL,9515000.0,9515000.0,9515000.0,1.0,2012.0,
Dwayne Bowe,dwayne bowe,Chiefs,WR,WR,SKILL,9515000.0,9515000.0,9515000.0,1.0,2012.0,
Pierre Garcon,pierre garcon,49ers,WR,WR,SKILL,47500000.0,9500000.0,17000000.0,5.0,2017.0,
Jamison Crowder,jamison crowder,Jets,WR,WR,SKILL,28500000.0,9500000.0,17000000.0,3.0,2019.0,
James Conner,james conner,Cardinals,RB,RB,SKILL,19000000.0,9500000.0,8250000.0,2.0,2024.0,
Brandon Marshall,brandon marshall,CHI/MIA,WR,WR,SKILL,47300000.0,9460000.0,12500000.0,5.0,2010.0,
Golden Tate,golden tate,Giants,WR,WR,SKILL,37500000.0,9375000.0,22950000.0,4.0,2019.0,
Travis Kelce,travis kelce,Chiefs,TE,TE,SKILL,46842000.0,9368400.0,10517000.0,5.0,2016.0,
Jordan Reed,jordan reed,Commanders,TE,TE,SKILL,46750000.0,9350000.0,14000000.0,5.0,2016.0,
Randy Moss,randy moss,Raiders,WR,WR,SKILL,37000000.0,9250000.0,7085000.0,4.0,2005.0,
Larry Fitzgerald,larry fitzgerald,Cardinals,WR,WR,SKILL,55437500.0,9239583.0,12537500.0,6.0,2004.0,
Julius Thomas,julius thomas,MIA/JAX,TE,TE,SKILL,46000000.0,9200000.0,21000000.0,5.0,2015.0,
Javon Walker,javon walker,Raiders,WR,WR,SKILL,55000000.0,9166667.0,11000000.0,6.0,2008.0,
David Montgomery,david montgomery,DET/HOU,RB,RB,SKILL,18250000.0,9125000.0,5250000.0,2.0,2024.0,
Randy Moss,randy moss,Vikings,WR,WR,SKILL,63536000.0,9076571.0,10000000.0,7.0,2001.0,
Kyle Rudolph,kyle rudolph,Vikings,TE,TE,SKILL,36100000.0,9025000.0,9000000.0,4.0,2019.0,
Miles Austin,miles austin,Cowboys,WR,WR,SKILL,54100000.0,9016667.0,17078000.0,6.0,2010.0,
LeSean McCoy,lesean mccoy,Eagles,RB,RB,SKILL,45000000.0,9000000.0,20765000.0,5.0,2012.0,
Rhamondre Stevenson,rhamondre stevenson,Patriots,RB,RB,SKILL,36000000.0,9000000.0,17116000.0,4.0,2024.0,
Randy Moss,randy moss,TEN/NE/MIN,WR,WR,SKILL,27000000.0,9000000.0,15000000.0,3.0,2008.0,
Evan Engram,evan engram,Jaguars,TE,TE,SKILL,9000000.0,9000000.0,8250000.0,1.0,2022.0,
Hunter Henry,hunter henry,Patriots,TE,TE,SKILL,27000000.0,9000000.0,15800000.0,3.0,2024.0,
Chigoziem Okonkwo,chigoziem okonkwo,Commanders,TE,TE,SKILL,27000000.0,9000000.0,16700000.0,3.0,2026.0,
Quincy Enunwa,quincy enunwa,Jets,WR,WR,SKILL,36000000.0,9000000.0,9171412.0,4.0,2018.0,
Santonio Holmes,santonio holmes,Jets,WR,WR,SKILL,45000000.0,9000000.0,16000000.0,5.0,2011.0,
Adam Humphries,adam humphries,Titans,WR,WR,SKILL,36000000.0,9000000.0,12000000.0,4.0,2019.0,
Greg Jennings,greg jennings,Vikings,WR,WR,SKILL,45000000.0,9000000.0,12900000.0,5.0,2013.0,
John Brown,john brown,Bills,WR,WR,SKILL,27000000.0,9000000.0,10100000.0,3.0,2019.0,
DeSean Jackson,desean jackson,Eagles,WR,WR,SKILL,27000000.0,9000000.0,13000000.0,3.0,2019.0,
Randall Cobb,randall cobb,HOU/GB,WR,WR,SKILL,27000000.0,9000000.0,18000000.0,3.0,2020.0,
Rob Gronkowski,rob gronkowski,TB/NE,TE,TE,SKILL,54000000.0,9000000.0,13170000.0,6.0,2012.0,
Sammy Watkins,sammy watkins,Chiefs,WR,WR,SKILL,9000000.0,9000000.0,9000000.0,1.0,2020.0,
Ashton Jeanty,ashton jeanty,Raiders,RB,RB,SKILL,35895812.0,8973953.0,35895812.0,4.0,2025.0,
Andre Johnson,andre johnson,Texans,WR,WR,SKILL,62700000.0,8957143.0,13000000.0,7.0,2010.0,
Marvin Harrison Jr.,marvin harrison jr.,Cardinals,WR,WR,SKILL,35374742.0,8843686.0,35374742.0,4.0,2024.0,
Adam Thielen,adam thielen,Panthers,WR,WR,SKILL,8750000.0,8750000.0,1500000.0,1.0,2025.0,
Greg Jennings,greg jennings,Packers,WR,WR,SKILL,26250000.0,8750000.0,16250000.0,3.0,2009.0,
Reggie Bush,reggie bush,Saints,RB,RB,SKILL,52500000.0,8750000.0,20250000.0,6.0,2006.0,
Arian Foster,arian foster,Texans,RB,RB,SKILL,43500000.0,8700000.0,20750000.0,5.0,2012.0,
Brandon Marshall,brandon marshall,Jets,WR,WR,SKILL,26000000.0,8666667.0,9000000.0,3.0,2015.0,
Steven Jackson,steven jackson,Rams,RB,RB,SKILL,43097500.0,8619500.0,20500000.0,5.0,2008.0,
Victor Cruz,victor cruz,Giants,WR,WR,SKILL,43000000.0,8600000.0,15625000.0,5.0,2013.0,
DeAngelo Williams,deangelo williams,Panthers,RB,RB,SKILL,43000000.0,8600000.0,21000000.0,5.0,2011.0,
Greg Olsen,greg olsen,Panthers,TE,TE,SKILL,17100000.0,8550000.0,12115000.0,2.0,2018.0,
Roddy White,roddy white,Falcons,WR,WR,SKILL,42720000.0,8544000.0,18600000.0,5.0,2009.0,
JuJu Smith-Schuster,juju smith-schuster,Patriots,WR,WR,SKILL,25500000.0,8500000.0,16000000.0,3.0,2023.0,
Marqise Lee,marqise lee,Jaguars,WR,WR,SKILL,34000000.0,8500000.0,16500000.0,4.0,2018.0,
Mike Gesicki,mike gesicki,Bengals,TE,TE,SKILL,25500000.0,8500000.0,6500000.0,3.0,2025.0,
Pierre Garcon,pierre garcon,Commanders,WR,WR,SKILL,42500000.0,8500000.0,13100000.0,5.0,2012.0,
Michael Crabtree,michael crabtree,Raiders,WR,WR,SKILL,34000000.0,8500000.0,5500000.0,4.0,2015.0,
Tyler Higbee,tyler higbee,Rams,TE,TE,SKILL,17000000.0,8500000.0,11075980.0,2.0,2023.0,
Russell Gage,russell gage,Buccaneers,WR,WR,SKILL,17000000.0,8500000.0,7000000.0,2.0,2023.0,
Delanie Walker,delanie walker,Titans,TE,TE,SKILL,17000000.0,8500000.0,10570000.0,2.0,2018.0,
Zach Ertz,zach ertz,ARI/PHI,TE,TE,SKILL,42500000.0,8500000.0,13318527.0,5.0,2016.0,
Kenyan Drake,kenyan drake,Cardinals,RB,RB,SKILL,8483000.0,8483000.0,8483000.0,1.0,2020.0,
Santonio Holmes,santonio holmes,Jets,WR,WR,SKILL,25250000.0,8416667.0,7750000.0,3.0,2013.0,
Antonio Brown,antonio brown,Steelers,WR,WR,SKILL,41960000.0,8392000.0,8500000.0,5.0,2012.0,
Anquan Boldin,anquan boldin,BAL/SF,WR,WR,SKILL,25000000.0,8333333.0,8000000.0,3.0,2010.0,
Adam Thielen,adam thielen,Panthers,WR,WR,SKILL,25000000.0,8333333.0,14000000.0,3.0,2023.0,
Chuba Hubbard,chuba hubbard,Panthers,RB,RB,SKILL,33200000.0,8300000.0,12058000.0,4.0,2024.0,
Devonta Freeman,devonta freeman,Falcons,RB,RB,SKILL,41250000.0,8250000.0,18297000.0,5.0,2017.0,
David Montgomery,david montgomery,Texans,RB,RB,SKILL,16500000.0,8250000.0,1000000.0,2.0,2026.0,
Kyle Pitts,kyle pitts,Falcons,TE,TE,SKILL,32910496.0,8227624.0,32910496.0,4.0,2021.0,
Sidney Rice,sidney rice,Seahawks,WR,WR,SKILL,41000000.0,8200000.0,15000000.0,5.0,2011.0,
Clinton Portis,clinton portis,Commanders,RB,RB,SKILL,49165000.0,8194167.0,13000000.0,6.0,2004.0,
Kenny Britt,kenny britt,Browns,WR,WR,SKILL,32500000.0,8125000.0,10500000.0,4.0,2017.0,
Charlie Kolar,charlie kolar,Chargers,TE,TE,SKILL,24300000.0,8100000.0,17000000.0,3.0,2026.0,
Marshall Faulk,marshall faulk,Rams,RB,RB,SKILL,40466500.0,8093300.0,7000000.0,5.0,,
Edgerrin James,edgerrin james,Colts,RB,RB,SKILL,8081000.0,8081000.0,8081000.0,1.0,2005.0,
Logan Thomas,logan thomas,Commanders,TE,TE,SKILL,24065000.0,8021667.0,8100000.0,3.0,2021.0,
LeSean McCoy,lesean mccoy,Bills,RB,RB,SKILL,40050000.0,8010000.0,18250000.0,5.0,2015.0,
LaDainian Tomlinson,ladainian tomlinson,Chargers,RB,RB,SKILL,48000000.0,8000000.0,16540000.0,6.0,2004.0,
Derrick Henry,derrick henry,Ravens,RB,RB,SKILL,16000000.0,8000000.0,9000000.0,2.0,2024.0,
Melvin Gordon,melvin gordon,Broncos,RB,RB,SKILL,16000000.0,8000000.0,13500000.0,2.0,2020.0,
D'Andre Swift,d'andre swift,Bears,RB,RB,SKILL,24000000.0,8000000.0,14000000.0,3.0,2024.0,
Javonte Williams,javonte williams,Cowboys,RB,RB,SKILL,24000000.0,8000000.0,16000000.0,3.0,2026.0,
DeMarco Murray,demarco murray,Eagles,RB,RB,SKILL,40000000.0,8000000.0,18000000.0,5.0,2015.0,
J.K. Dobbins,j.k. dobbins,Broncos,RB,RB,SKILL,16000000.0,8000000.0,0.0,2.0,2026.0,
Paul Richardson,paul richardson,Commanders,WR,WR,SKILL,40000000.0,8000000.0,12500000.0,5.0,2018.0,
Kenny Stills,kenny stills,MIA/HOU,WR,WR,SKILL,32000000.0,8000000.0,16950000.0,4.0,2017.0,
Emmanuel Sanders,emmanuel sanders,Saints,WR,WR,SKILL,16000000.0,8000000.0,10000000.0,2.0,2020.0,
JuJu Smith-Schuster,juju smith-schuster,Steelers,WR,WR,SKILL,8000000.0,8000000.0,7000000.0,1.0,2021.0,
T.Y. Hilton,t.y. hilton,Colts,WR,WR,SKILL,8000000.0,8000000.0,8000000.0,1.0,2021.0,
Albert Wilson,albert wilson,Dolphins,WR,WR,SKILL,24000000.0,8000000.0,14450000.0,3.0,2018.0,
Curtis Samuel,curtis samuel,Bills,WR,WR,SKILL,24000000.0,8000000.0,14020000.0,3.0,2024.0,
C.J. Uzomah,c.j. uzomah,Jets,TE,TE,SKILL,24000000.0,8000000.0,15000000.0,3.0,2022.0,
Marvin Jones,marvin jones,Lions,WR,WR,SKILL,40000000.0,8000000.0,13000000.0,5.0,2016.0,
Will Dissly,will dissly,Seahawks,TE,TE,SKILL,24000000.0,8000000.0,10340000.0,3.0,2022.0,
Torrey Smith,torrey smith,49ers,WR,WR,SKILL,40000000.0,8000000.0,8750000.0,5.0,2015.0,
Trey Burton,trey burton,Bears,TE,TE,SKILL,32000000.0,8000000.0,18000000.0,4.0,2018.0,
DeSean Jackson,desean jackson,Commanders,WR,WR,SKILL,24000000.0,8000000.0,16000000.0,3.0,2014.0,
Rob Gronkowski,rob gronkowski,Buccaneers,TE,TE,SKILL,8000000.0,8000000.0,8000000.0,1.0,2021.0,
Jimmy Graham,jimmy graham,Bears,TE,TE,SKILL,16000000.0,8000000.0,9000000.0,2.0,2020.0,
Zay Jones,zay jones,Jaguars,WR,WR,SKILL,24000000.0,8000000.0,14000000.0,3.0,2022.0,
T.J. Houshmandzadeh,t.j. houshmandzadeh,Seahawks,WR,WR,SKILL,40000000.0,8000000.0,14500000.0,5.0,2009.0,
Javon Walker,javon walker,Broncos,WR,WR,SKILL,39750000.0,7950000.0,1000000.0,5.0,2006.0,
Mike Williams,mike williams,BUF/TB,WR,WR,SKILL,39620000.0,7924000.0,9400000.0,5.0,2013.0,
Terrell Davis,terrell davis,Broncos,RB,RB,SKILL,46800000.0,7800000.0,11000000.0,6.0,,
Saquon Barkley,saquon barkley,Giants,RB,RB,SKILL,31194750.0,7798688.0,31194750.0,4.0,2018.0,
Josh Oliver,josh oliver,Vikings,TE,TE,SKILL,23250000.0,7750000.0,15645000.0,3.0,2025.0,
Rishard Matthews,rishard matthews,Titans,WR,WR,SKILL,7750000.0,7750000.0,0.0,1.0,2018.0,
Julian Edelman,julian edelman,Patriots,WR,WR,SKILL,15500000.0,7750000.0,12000000.0,2.0,2019.0,
Shaun Alexander,shaun alexander,Seahawks,RB,RB,SKILL,61687500.0,7710938.0,13500000.0,8.0,2006.0,
Ja'Marr Chase,ja'marr chase,Bengals,WR,WR,SKILL,30819642.0,7704911.0,30819642.0,4.0,2021.0,
Clinton Portis,clinton portis,Commanders,RB,RB,SKILL,46120000.0,7686667.0,15756000.0,6.0,2008.0,
Darrius Heyward-Bey,darrius heyward-bey,Raiders,WR,WR,SKILL,38250000.0,7650000.0,13310000.0,5.0,2009.0,
Maurice Jones-Drew,maurice jones-drew,Jaguars,RB,RB,SKILL,30515000.0,7628750.0,9000000.0,4.0,2009.0,
Robert Woods,robert woods,Texans,WR,WR,SKILL,15250000.0,7625000.0,10000000.0,2.0,2023.0,
Matt Forte,matt forte,Bears,RB,RB,SKILL,30400000.0,7600000.0,13800000.0,4.0,2012.0,
Charles Clay,charles clay,Bills,TE,TE,SKILL,38000000.0,7600000.0,24500000.0,5.0,2015.0,
Darren Waller,darren waller,Raiders,TE,TE,SKILL,30300004.0,7575001.0,3220004.0,4.0,2019.0,
Edgerrin James,edgerrin james,Cardinals,RB,RB,SKILL,30000000.0,7500000.0,11500000.0,4.0,2006.0,
Jared Cook,jared cook,Saints,TE,TE,SKILL,15000000.0,7500000.0,8000000.0,2.0,2019.0,
Steve Smith Sr.,steve smith sr.,Panthers,WR,WR,SKILL,30000000.0,7500000.0,16750000.0,4.0,2012.0,
Allen Robinson,allen robinson,Steelers,WR,WR,SKILL,15000000.0,7500000.0,5000000.0,2.0,2023.0,
Greg Olsen,greg olsen,Panthers,TE,TE,SKILL,22500000.0,7500000.0,12000000.0,3.0,2015.0,
Jordan Cameron,jordan cameron,Dolphins,TE,TE,SKILL,15000000.0,7500000.0,5000000.0,2.0,2015.0,
Jonnu Smith,jonnu smith,Falcons,TE,TE,SKILL,15000000.0,7500000.0,8500000.0,2.0,2023.0,
Colby Parkinson,colby parkinson,Rams,TE,TE,SKILL,22500000.0,7500000.0,10250000.0,3.0,2024.0,
Jahan Dotson,jahan dotson,Falcons,WR,WR,SKILL,15000000.0,7500000.0,10000000.0,2.0,2026.0,
Marshawn Lynch,marshawn lynch,Seahawks,RB,RB,SKILL,30000000.0,7500000.0,17000000.0,4.0,2012.0,
Jerick McKinnon,jerick mckinnon,49ers,RB,RB,SKILL,30000000.0,7500000.0,11700000.0,4.0,2018.0,
Jason Witten,jason witten,Cowboys,TE,TE,SKILL,37000000.0,7400000.0,13532000.0,5.0,2011.0,
Ryan Grant,ryan grant,Ravens,WR,WR,SKILL,29000000.0,7375000.0,0.0,4.0,2018.0,
Cedrick Wilson Jr.,cedrick wilson jr.,Dolphins,WR,WR,SKILL,22050000.0,7350000.0,12750000.0,3.0,2022.0,
Vernon Davis,vernon davis,SF/DEN,TE,TE,SKILL,36750000.0,7350000.0,10000000.0,5.0,2010.0,
Dwayne Allen,dwayne allen,NE/IND,TE,TE,SKILL,29400000.0,7350000.0,11500000.0,4.0,2016.0,
Andre Johnson,andre johnson,Texans,WR,WR,SKILL,44050000.0,7341667.0,15000000.0,6.0,2007.0,
Malik Nabers,malik nabers,Giants,WR,WR,SKILL,29207750.0,7301938.0,29207750.0,4.0,2024.0,
Kyle Rudolph,kyle rudolph,Vikings,TE,TE,SKILL,36500000.0,7300000.0,12640000.0,5.0,2014.0,
Jonathan Stewart,jonathan stewart,Panthers,RB,RB,SKILL,36500000.0,7300000.0,11500000.0,5.0,2012.0,
Darren Sproles,darren sproles,Chargers,RB,RB,SKILL,7283100.0,7283100.0,7283100.0,1.0,2010.0,
Marques Colston,marques colston,Saints,WR,WR,SKILL,36300000.0,7260000.0,11200000.0,5.0,2012.0,
Cole Beasley,cole beasley,Bills,WR,WR,SKILL,29000000.0,7250000.0,10700000.0,4.0,2019.0,
Eric Decker,eric decker,Jets,WR,WR,SKILL,36250000.0,7250000.0,15000000.0,5.0,2014.0,
Hayden Hurst,hayden hurst,Panthers,TE,TE,SKILL,21750000.0,7250000.0,13000000.0,3.0,2023.0,
Tyler Higbee,tyler higbee,Rams,TE,TE,SKILL,29000000.0,7250000.0,10025000.0,4.0,2019.0,
C.J. Fiedorowicz,c.j. fiedorowicz,Texans,TE,TE,SKILL,21750000.0,7250000.0,10097000.0,3.0,2017.0,
Steve Johnson,steve johnson,BUF/SF,WR,WR,SKILL,36250000.0,7250000.0,11000000.0,5.0,2012.0,
Tony Pollard,tony pollard,Titans,RB,RB,SKILL,21750000.0,7250000.0,10490000.0,3.0,2024.0,
Antonio Gates,antonio gates,Chargers,TE,TE,SKILL,36175000.0,7235000.0,8800000.0,6.0,2010.0,
Coby Fleener,coby fleener,Saints,TE,TE,SKILL,36000000.0,7200000.0,14600000.0,5.0,2016.0,
Victor Cruz,victor cruz,Giants,WR,WR,SKILL,21500000.0,7166667.0,2400000.0,3.0,2016.0,
Doug Martin,doug martin,Buccaneers,RB,RB,SKILL,35750000.0,7150000.0,15000000.0,5.0,2016.0,
Jordy Nelson,jordy nelson,Raiders,WR,WR,SKILL,14200000.0,7100000.0,10000000.0,2.0,2018.0,
Jack Doyle,jack doyle,Colts,TE,TE,SKILL,21300000.0,7100000.0,10250000.0,3.0,2019.0,
Jared Cook,jared cook,Rams,TE,TE,SKILL,35100000.0,7020000.0,19000000.0,5.0,2013.0,
Darren McFadden,darren mcfadden,Raiders,RB,RB,SKILL,42013750.0,7002292.0,19687500.0,6.0,2008.0,
Leonard Fournette,leonard fournette,Buccaneers,RB,RB,SKILL,21000000.0,7000000.0,9000000.0,3.0,2022.0,
Ray Rice,ray rice,Ravens,RB,RB,SKILL,35000000.0,7000000.0,16000000.0,5.0,2012.0,
Aaron Jones,aaron jones,Vikings,RB,RB,SKILL,7000000.0,7000000.0,7000000.0,1.0,2024.0,
Jamaal Charles,jamaal charles,Chiefs,RB,RB,SKILL,28000000.0,7000000.0,2950000.0,4.0,2014.0,
Dalvin Cook,dalvin cook,Jets,RB,RB,SKILL,7000000.0,7000000.0,5800000.0,1.0,2023.0,
Daniel Bellinger,daniel bellinger,Titans,TE,TE,SKILL,21000000.0,7000000.0,14010000.0,3.0,2026.0,
Tony Gonzalez,tony gonzalez,Falcons,TE,TE,SKILL,14000000.0,7000000.0,3500000.0,2.0,2013.0,
Dallas Goedert,dallas goedert,Eagles,TE,TE,SKILL,7000000.0,7000000.0,7000000.0,1.0,2026.0,
Andre Johnson,andre johnson,Colts,WR,WR,SKILL,21000000.0,7000000.0,10000000.0,3.0,2015.0,
John Bates,john bates,Commanders,TE,TE,SKILL,21000000.0,7000000.0,11520000.0,3.0,2025.0,
James Conner,james conner,Cardinals,RB,RB,SKILL,21000000.0,7000000.0,13500000.0,3.0,2022.0,
Jermichael Finley,jermichael finley,Packers,TE,TE,SKILL,14000000.0,7000000.0,5450000.0,2.0,2012.0,
Tavon Austin,tavon austin,LAR/DAL,WR,WR,SKILL,7000000.0,7000000.0,5000000.0,1.0,2018.0,
Greg Olsen,greg olsen,Seahawks,TE,TE,SKILL,7000000.0,7000000.0,5500000.0,1.0,2020.0,
Kenneth Gainwell,kenneth gainwell,Buccaneers,RB,RB,SKILL,14000000.0,7000000.0,9830000.0,2.0,2026.0,
Josh Oliver,josh oliver,Vikings,TE,TE,SKILL,21000000.0,7000000.0,8200000.0,3.0,2023.0,
Marquise Brown,marquise brown,Chiefs,WR,WR,SKILL,7000000.0,7000000.0,6500000.0,1.0,2024.0,
Jermaine Gresham,jermaine gresham,Cardinals,TE,TE,SKILL,28000000.0,7000000.0,13000000.0,4.0,2017.0,
Marquise Brown,marquise brown,Chiefs,WR,WR,SKILL,7000000.0,7000000.0,6500000.0,1.0,2025.0,
Martellus Bennett,martellus bennett,GB/NE,TE,TE,SKILL,21000000.0,7000000.0,6300000.0,3.0,2017.0,
Michael Crabtree,michael crabtree,Ravens,WR,WR,SKILL,21000000.0,7000000.0,8000000.0,3.0,2018.0,
Tetairoa McMillan,tetairoa mcmillan,Panthers,WR,WR,SKILL,27930390.0,6982598.0,27930390.0,4.0,2025.0,
Tony Gonzalez,tony gonzalez,Falcons,TE,TE,SKILL,6900000.0,6900000.0,2000000.0,1.0,2011.0,
Frank Gore,frank gore,49ers,RB,RB,SKILL,27577000.0,6894250.0,13662000.0,4.0,2007.0,
Priest Holmes,priest holmes,Chiefs,RB,RB,SKILL,27550000.0,6887500.0,8525000.0,4.0,2003.0,
Cameron Brate,cameron brate,Buccaneers,TE,TE,SKILL,40800000.0,6800000.0,7000000.0,6.0,2018.0,
Marcedes Lewis,marcedes lewis,Jaguars,TE,TE,SKILL,34000000.0,6800000.0,11650000.0,5.0,2011.0,
Robert Woods,robert woods,Rams,WR,WR,SKILL,34000000.0,6800000.0,10000000.0,5.0,2017.0,
Zach Miller,zach miller,Seahawks,TE,TE,SKILL,34000000.0,6800000.0,13000000.0,5.0,2011.0,
Leonard Fournette,leonard fournette,Jaguars,RB,RB,SKILL,27150882.0,6786894.0,27150882.0,4.0,2017.0,
Jaylen Waddle,jaylen waddle,Dolphins,WR,WR,SKILL,27085996.0,6771499.0,27085996.0,4.0,2021.0,
Tyler Conklin,tyler conklin,Jets,TE,TE,SKILL,20250000.0,6750000.0,10000000.0,3.0,2022.0,
Heath Miller,heath miller,Steelers,TE,TE,SKILL,33750000.0,6750000.0,5750000.0,5.0,2009.0,
Delanie Walker,delanie walker,Titans,TE,TE,SKILL,13375000.0,6687500.0,6700000.0,2.0,2016.0,
Marquise Goodwin,marquise goodwin,Eagles,WR,WR,SKILL,20000000.0,6666667.0,6450000.0,3.0,2018.0,
Colston Loveland,colston loveland,Bears,TE,TE,SKILL,26636008.0,6659002.0,26636008.0,4.0,2025.0,
Kellen Winslow,kellen winslow,TB/SEA,TE,TE,SKILL,26550000.0,6637500.0,11891000.0,4.0,2009.0,
Marshall Faulk,marshall faulk,Rams,RB,RB,SKILL,39800000.0,6633333.0,12000000.0,6.0,2002.0,
Darren Sproles,darren sproles,Chargers,RB,RB,SKILL,6621000.0,6621000.0,6621000.0,1.0,2009.0,
Barry Sanders,barry sanders,Lions,RB,RB,SKILL,32700000.0,6540000.0,11000000.0,5.0,,
Lamar Miller,lamar miller,Texans,RB,RB,SKILL,26000000.0,6500000.0,14000000.0,4.0,2016.0,
Kendrick Bourne,kendrick bourne,Patriots,WR,WR,SKILL,19500000.0,6500000.0,5500000.0,3.0,2024.0,
Mohamed Sanu,mohamed sanu,ATL/NE,WR,WR,SKILL,32500000.0,6500000.0,14000000.0,5.0,2016.0,
Dwayne Bowe,dwayne bowe,Browns,WR,WR,SKILL,13000000.0,6500000.0,9000000.0,2.0,2015.0,
Taylor Gabriel,taylor gabriel,Bears,WR,WR,SKILL,26000000.0,6500000.0,14000000.0,4.0,2018.0,
Nick Boyle,nick boyle,Ravens,TE,TE,SKILL,13000000.0,6500000.0,10500000.0,2.0,2021.0,
Tiki Barber,tiki barber,Giants,RB,RB,SKILL,11000000.0,6500000.0,4000000.0,2.0,2005.0,
Brandin Cooks,brandin cooks,Saints,WR,WR,SKILL,13000000.0,6500000.0,7750000.0,2.0,2025.0,
Breshad Perriman,breshad perriman,Jets,WR,WR,SKILL,6500000.0,6500000.0,6000000.0,1.0,2020.0,
Jason Witten,jason witten,Cowboys,TE,TE,SKILL,26000000.0,6500000.0,0.0,4.0,2017.0,
Reggie Wayne,reggie wayne,Colts,WR,WR,SKILL,39000000.0,6500000.0,12500000.0,6.0,2006.0,
Eric Ebron,eric ebron,Colts,TE,TE,SKILL,13000000.0,6500000.0,6000000.0,2.0,2018.0,
Vance McDonald,vance mcdonald,PIT/SF,TE,TE,SKILL,32500000.0,6500000.0,9100000.0,5.0,2016.0,
Andre Johnson,andre johnson,Texans,WR,WR,SKILL,38960000.0,6493333.0,9000000.0,6.0,2003.0,
Rashod Bateman,rashod bateman,Ravens,WR,WR,SKILL,12871897.0,6435949.0,4500000.0,2.0,2024.0,
Dennis Pitta,dennis pitta,Ravens,TE,TE,SKILL,32000000.0,6400000.0,16000000.0,5.0,2014.0,
Chris Ivory,chris ivory,Jaguars,RB,RB,SKILL,32000000.0,6400000.0,10000000.0,5.0,2016.0,
DeMarco Murray,demarco murray,Titans,RB,RB,SKILL,25500000.0,6375000.0,9000000.0,4.0,2016.0,
Miles Sanders,miles sanders,Panthers,RB,RB,SKILL,25400000.0,6350000.0,13000000.0,4.0,2023.0,
Corey Davis,corey davis,Titans,WR,WR,SKILL,25394750.0,6348688.0,25394750.0,4.0,2017.0,
Shaun Alexander,shaun alexander,Seahawks,RB,RB,SKILL,6323000.0,6323000.0,6323000.0,1.0,2005.0,
Rudi Johnson,rudi johnson,Bengals,RB,RB,SKILL,6323000.0,6323000.0,6323000.0,1.0,2005.0,
Jack Doyle,jack doyle,Colts,TE,TE,SKILL,18900000.0,6300000.0,7500000.0,3.0,2017.0,
Frank Gore,frank gore,49ers,RB,RB,SKILL,18900000.0,6300000.0,0.0,3.0,2011.0,
Dalton Schultz,dalton schultz,Texans,TE,TE,SKILL,6250000.0,6250000.0,6000000.0,1.0,2023.0,
Zach Ertz,zach ertz,Commanders,TE,TE,SKILL,6250000.0,6250000.0,5590000.0,1.0,2025.0,
Tony Gonzalez,tony gonzalez,ATL/KC,TE,TE,SKILL,31250000.0,6250000.0,16000000.0,5.0,2007.0,
Marvin Jones,marvin jones,Jaguars,WR,WR,SKILL,12500000.0,6250000.0,9000000.0,2.0,2021.0,
Tyler Kroft,tyler kroft,Bills,TE,TE,SKILL,18750000.0,6250000.0,6300000.0,3.0,2019.0,
Ezekiel Elliott,ezekiel elliott,Cowboys,RB,RB,SKILL,24956338.0,6239085.0,24956338.0,4.0,2016.0,
Nyheim Miller-Hines,nyheim miller-hines,IND/BUF,RB,RB,SKILL,18600000.0,6200000.0,10300000.0,3.0,2021.0,
Darius Slayton,darius slayton,Giants,WR,WR,SKILL,6200000.0,6200000.0,0.0,1.0,2024.0,
Golden Tate,golden tate,DET/PHI,WR,WR,SKILL,31000000.0,6200000.0,10500000.0,5.0,2014.0,
Brian Hartline,brian hartline,Dolphins,WR,WR,SKILL,30775000.0,6155000.0,12500000.0,5.0,2013.0,
Rico Dowdle,rico dowdle,Steelers,RB,RB,SKILL,12250000.0,6125000.0,5000000.0,2.0,2026.0,
Tyler Allgeier,tyler allgeier,Cardinals,RB,RB,SKILL,12250000.0,6125000.0,8000000.0,2.0,2026.0,
Austin Ekeler,austin ekeler,Chargers,RB,RB,SKILL,24500000.0,6125000.0,13750000.0,4.0,2020.0,
Marvin Harrison,marvin harrison,Colts,WR,WR,SKILL,24480000.0,6120000.0,11500000.0,4.0,2000.0,
Braylon Edwards,braylon edwards,Jets,WR,WR,SKILL,6105000.0,6105000.0,1000000.0,1.0,2010.0,
Julius Thomas,julius thomas,Dolphins,TE,TE,SKILL,12200000.0,6100000.0,3000000.0,2.0,2017.0,
C.J. Uzomah,c.j. uzomah,Bengals,TE,TE,SKILL,18300000.0,6100000.0,6250000.0,3.0,2019.0,
Chase Edmonds,chase edmonds,DEN/MIA,RB,RB,SKILL,12100000.0,6050000.0,6100000.0,2.0,2022.0,
Cameron Brate,cameron brate,Buccaneers,TE,TE,SKILL,18050000.0,6016667.0,3750000.0,3.0,2021.0,
Juwan Johnson,juwan johnson,Saints,TE,TE,SKILL,12010000.0,6005000.0,8510000.0,2.0,2023.0,
Rod Smith,rod smith,Broncos,WR,WR,SKILL,24012970.0,6003243.0,1500000.0,4.0,2005.0,
Emmanuel Sanders,emmanuel sanders,Bills,WR,WR,SKILL,6000000.0,6000000.0,5900000.0,1.0,2021.0,
A.J. Green,a.j. green,Cardinals,WR,WR,SKILL,6000000.0,6000000.0,6000000.0,1.0,2021.0,
Travis Benjamin,travis benjamin,Chargers,WR,WR,SKILL,24000000.0,6000000.0,13000000.0,4.0,2016.0,
Jordan Cameron,jordan cameron,Dolphins,TE,TE,SKILL,6000000.0,6000000.0,5000000.0,1.0,2016.0,
Kareem Hunt,kareem hunt,Browns,RB,RB,SKILL,12000000.0,6000000.0,5509000.0,2.0,2020.0,
Darius Slayton,darius slayton,Giants,WR,WR,SKILL,12000000.0,6000000.0,4900000.0,2.0,2023.0,
Daniel Graham,daniel graham,Broncos,TE,TE,SKILL,30000000.0,6000000.0,15000000.0,5.0,2007.0,
Nick Boyle,nick boyle,Ravens,TE,TE,SKILL,18000000.0,6000000.0,10000000.0,3.0,2019.0,
Gerald Everett,gerald everett,Chargers,TE,TE,SKILL,12000000.0,6000000.0,8000000.0,2.0,2022.0,
Dion Sims,dion sims,Bears,TE,TE,SKILL,18000000.0,6000000.0,6000000.0,3.0,2017.0,
Terrelle Pryor,terrelle pryor,Commanders,WR,WR,SKILL,6000000.0,6000000.0,6000000.0,1.0,2017.0,
Danny Amendola,danny amendola,Dolphins,WR,WR,SKILL,12000000.0,6000000.0,5950000.0,2.0,2018.0,
Austin Hooper,austin hooper,Titans,TE,TE,SKILL,6000000.0,6000000.0,6000000.0,1.0,2022.0,
Joey Galloway,joey galloway,Cowboys,WR,WR,SKILL,42000000.0,6000000.0,12500000.0,7.0,2000.0,
Gerald Everett,gerald everett,Bears,TE,TE,SKILL,12000000.0,6000000.0,6060000.0,2.0,2024.0,
Jerry Rice,jerry rice,49ers,WR,WR,SKILL,36000000.0,6000000.0,4000000.0,6.0,,
Wes Welker,wes welker,Broncos,WR,WR,SKILL,12000000.0,6000000.0,6000000.0,2.0,2013.0,
Curtis Martin,curtis martin,Jets,RB,RB,SKILL,36000000.0,6000000.0,8000000.0,6.0,,
Julio Jones,julio jones,Buccaneers,WR,WR,SKILL,6000000.0,6000000.0,6000000.0,1.0,2022.0,
Braxton Berrios,braxton berrios,Jets,WR,WR,SKILL,12000000.0,6000000.0,7000000.0,2.0,2022.0,
Kyle Rudolph,kyle rudolph,Giants,TE,TE,SKILL,12000000.0,6000000.0,4500000.0,2.0,2021.0,
Gerald Everett,gerald everett,Seahawks,TE,TE,SKILL,6000000.0,6000000.0,6000000.0,1.0,2021.0,
David Montgomery,david montgomery,Lions,RB,RB,SKILL,18000000.0,6000000.0,8750000.0,3.0,2023.0,
Anquan Boldin,anquan boldin,49ers,WR,WR,SKILL,12000000.0,6000000.0,5500000.0,2.0,2014.0,
Roddy White,roddy white,Falcons,WR,WR,SKILL,18000000.0,6000000.0,7550000.0,3.0,2014.0,
Percy Harvin,percy harvin,Bills,WR,WR,SKILL,6000000.0,6000000.0,5900000.0,1.0,2015.0,
Noah Gray,noah gray,Chiefs,TE,TE,SKILL,18000000.0,6000000.0,10016000.0,3.0,2024.0,
Willie Snead,willie snead,Ravens,WR,WR,SKILL,6000000.0,6000000.0,6000000.0,1.0,2019.0,
Eric Ebron,eric ebron,Steelers,TE,TE,SKILL,12000000.0,6000000.0,5000000.0,2.0,2020.0,
A.J. Green,a.j. green,Bengals,WR,WR,SKILL,29864100.0,5972820.0,19688098.0,5.0,2011.0,
LaDainian Tomlinson,ladainian tomlinson,Chargers,RB,RB,SKILL,17875000.0,5958333.0,7725000.0,3.0,2009.0,
Jaylen Warren,jaylen warren,Steelers,RB,RB,SKILL,11904000.0,5952000.0,11765000.0,2.0,2025.0,
Jauan Jennings,jauan jennings,49ers,WR,WR,SKILL,11890000.0,5945000.0,8435000.0,2.0,2024.0,
Rod Smith,rod smith,Broncos,WR,WR,SKILL,41591270.0,5941610.0,11000000.0,7.0,2002.0,
Chad Johnson,chad johnson,Bengals,WR,WR,SKILL,35500000.0,5916667.0,5000000.0,6.0,2006.0,
Eddie George,eddie george,Titans,RB,RB,SKILL,41250010.0,5892859.0,10750010.0,,2000.0,
Mo Alie-Cox,mo alie-cox,Colts,TE,TE,SKILL,17550000.0,5850000.0,8200000.0,3.0,2022.0,
Reggie Wayne,reggie wayne,Colts,WR,WR,SKILL,17500000.0,5833333.0,7500000.0,3.0,2012.0,
Emmitt Smith,emmitt smith,Cowboys,RB,RB,SKILL,40500000.0,5785714.0,10500000.0,7.0,,
Rashaad Penny,rashaad penny,Seahawks,RB,RB,SKILL,5750000.0,5750000.0,5070000.0,1.0,2022.0,
Josh Morgan,josh morgan,Commanders,WR,WR,SKILL,11500000.0,5750000.0,7300000.0,2.0,2012.0,
Joe Mixon,joe mixon,CIN/HOU,RB,RB,SKILL,11500000.0,5750000.0,4128000.0,2.0,2023.0,
Tarik Cohen,tarik cohen,Bears,RB,RB,SKILL,17250000.0,5750000.0,9533000.0,3.0,2020.0,
Mike Wallace,mike wallace,Ravens,WR,WR,SKILL,11500000.0,5750000.0,4500000.0,2.0,2016.0,
Michael Turner,michael turner,Falcons,RB,RB,SKILL,34500000.0,5750000.0,15000000.0,6.0,2008.0,
Willis McGahee,willis mcgahee,Ravens,RB,RB,SKILL,40120000.0,5731429.0,7500000.0,7.0,2007.0,
Danny Amendola,danny amendola,Patriots,WR,WR,SKILL,28500000.0,5700000.0,8000000.0,5.0,2013.0,
Greg Olsen,greg olsen,Panthers,TE,TE,SKILL,22800000.0,5700000.0,2500000.0,4.0,2011.0,
Rome Odunze,rome odunze,Bears,WR,WR,SKILL,22724500.0,5681125.0,22724500.0,4.0,2024.0,
Adam Trautman,adam trautman,Broncos,TE,TE,SKILL,17000000.0,5666667.0,9500000.0,3.0,2026.0,
Amari Cooper,amari cooper,LV/DAL,WR,WR,SKILL,22663120.0,5665780.0,22663120.0,4.0,2015.0,
Anquan Boldin,anquan boldin,Cardinals,WR,WR,SKILL,22660000.0,5665000.0,5000000.0,4.0,2005.0,
Jesse James,jesse james,Lions,TE,TE,SKILL,22600000.0,5650000.0,10500000.0,4.0,2019.0,
Ian Thomas,ian thomas,Panthers,TE,TE,SKILL,16950000.0,5650000.0,8000000.0,3.0,2022.0,
Braylon Edwards,braylon edwards,CLE/NYJ,WR,WR,SKILL,28200000.0,5640000.0,6500000.0,5.0,2005.0,
Donald Driver,donald driver,Packers,WR,WR,SKILL,22250000.0,5562500.0,0.0,4.0,2007.0,
Aaron Jones,aaron jones,Vikings,RB,RB,SKILL,5560000.0,5560000.0,5000000.0,1.0,2026.0,
Devin Hester,devin hester,Bears,WR,WR,SKILL,22003523.0,5500881.0,5000000.0,4.0,2008.0,
Allen Hurns,allen hurns,Cowboys,WR,WR,SKILL,11000000.0,5500000.0,2500000.0,2.0,2018.0,
Jamison Crowder,jamison crowder,Jets,WR,WR,SKILL,5500000.0,5500000.0,4500000.0,1.0,2021.0,
Tyquan Thornton,tyquan thornton,Chiefs,WR,WR,SKILL,11000000.0,5500000.0,7400000.0,2.0,2026.0,
Todd Gurley,todd gurley,Falcons,RB,RB,SKILL,5500000.0,5500000.0,5500000.0,1.0,2020.0,
Hines Ward,hines ward,Steelers,WR,WR,SKILL,27500000.0,5500000.0,5000000.0,5.0,2005.0,
Keelan Cole,keelan cole,Jets,WR,WR,SKILL,5500000.0,5500000.0,5000000.0,1.0,2021.0,
Tyler Eifert,tyler eifert,Bengals,TE,TE,SKILL,5500000.0,5500000.0,3000000.0,1.0,2018.0,
Jeremy Maclin,jeremy maclin,Eagles,WR,WR,SKILL,5500000.0,5500000.0,3500000.0,1.0,2014.0,
Devin Singletary,devin singletary,Giants,RB,RB,SKILL,16500000.0,5500000.0,9500000.0,3.0,2024.0,
Julian Edelman,julian edelman,Patriots,WR,WR,SKILL,11000000.0,5500000.0,7000000.0,2.0,2017.0,
Jeremy Maclin,jeremy maclin,Ravens,WR,WR,SKILL,11000000.0,5500000.0,6000000.0,2.0,2017.0,
Antonio Gates,antonio gates,Chargers,TE,TE,SKILL,11000000.0,5500000.0,6000000.0,2.0,2016.0,
Kenyan Drake,kenyan drake,Raiders,RB,RB,SKILL,11000000.0,5500000.0,8500000.0,2.0,2021.0,
Brandon Marshall,brandon marshall,Giants,WR,WR,SKILL,11000000.0,5500000.0,5000000.0,2.0,2017.0,
Markus Wheaton,markus wheaton,Bears,WR,WR,SKILL,11000000.0,5500000.0,6000000.0,2.0,2017.0,
Blake Jarwin,blake jarwin,Cowboys,TE,TE,SKILL,22000000.0,5500000.0,6250000.0,4.0,2020.0,
Owen Daniels,owen daniels,Texans,TE,TE,SKILL,22000000.0,5500000.0,6000000.0,4.0,2011.0,
Bijan Robinson,bijan robinson,Falcons,RB,RB,SKILL,21958544.0,5489636.0,21958544.0,4.0,2023.0,
Dwayne Allen,dwayne allen,Patriots,TE,TE,SKILL,10900000.0,5450000.0,0.0,2.0,2018.0,
Fred Davis,fred davis,Commanders,TE,TE,SKILL,5446000.0,5446000.0,5446000.0,1.0,2012.0,
Jamaal Charles,jamaal charles,Chiefs,RB,RB,SKILL,27000000.0,5400000.0,8000000.0,5.0,2010.0,
DeVante Parker,devante parker,Patriots,WR,WR,SKILL,10800000.0,5400000.0,9100000.0,2.0,2023.0,
Drake London,drake london,Falcons,WR,WR,SKILL,21534472.0,5383618.0,21534472.0,4.0,2022.0,
Jordan Mason,jordan mason,49ers,RB,RB,SKILL,5346000.0,5346000.0,0.0,1.0,2025.0,
Michael Crabtree,michael crabtree,49ers,WR,WR,SKILL,32000000.0,5333333.0,10065000.0,6.0,2009.0,
Jared Cook,jared cook,Raiders,TE,TE,SKILL,10600000.0,5300000.0,5000000.0,2.0,2017.0,
DeAngelo Williams,deangelo williams,Panthers,RB,RB,SKILL,7750000.0,5275000.0,1055000.0,5.0,2006.0,
Cordarrelle Patterson,cordarrelle patterson,Falcons,RB,RB,SKILL,10500000.0,5250000.0,5000000.0,2.0,2022.0,
Luke Farrell,luke farrell,49ers,TE,TE,SKILL,15750000.0,5250000.0,6000000.0,3.0,2025.0,
Tommy Tremble,tommy tremble,Panthers,TE,TE,SKILL,10500000.0,5250000.0,6000000.0,2.0,2025.0,
Najee Harris,najee harris,Chargers,RB,RB,SKILL,5250000.0,5250000.0,5250000.0,1.0,2025.0,
Kalif Raymond,kalif raymond,Lions,WR,WR,SKILL,10500000.0,5250000.0,8150000.0,2.0,2023.0,
Seth Roberts,seth roberts,Raiders,WR,WR,SKILL,10485000.0,5242500.0,4000000.0,2.0,2017.0,
Tyler Warren,tyler warren,Colts,TE,TE,SKILL,20960650.0,5240163.0,20960650.0,4.0,2025.0,
Chris Carson,chris carson,Seahawks,RB,RB,SKILL,10425000.0,5212500.0,5500000.0,2.0,2021.0,
Curtis Martin,curtis martin,Jets,RB,RB,SKILL,31229067.0,5204845.0,10000000.0,6.0,2002.0,
Duke Johnson,duke johnson,HOU/CLE,RB,RB,SKILL,15610000.0,5203333.0,5957000.0,3.0,2018.0,
Santana Moss,santana moss,Commanders,WR,WR,SKILL,26010000.0,5202000.0,3000000.0,5.0,2005.0,
Chad Johnson,chad johnson,Bengals,WR,WR,SKILL,26000000.0,5200000.0,7000000.0,5.0,2003.0,
Giovani Bernard,giovani bernard,Bengals,RB,RB,SKILL,15500000.0,5166667.0,5000000.0,3.0,2016.0,
Giovani Bernard,giovani bernard,Bengals,RB,RB,SKILL,10300000.0,5150000.0,2000000.0,2.0,2019.0,
Vance McDonald,vance mcdonald,Steelers,TE,TE,SKILL,10300000.0,5150000.0,4000000.0,2.0,2020.0,
Garrett Wilson,garrett wilson,Jets,WR,WR,SKILL,20554006.0,5138502.0,20554006.0,4.0,2022.0,
Trent Richardson,trent richardson,IND/CLE,RB,RB,SKILL,20489796.0,5122449.0,20489796.0,4.0,2012.0,
Martellus Bennett,martellus bennett,CHI/NE,TE,TE,SKILL,20400000.0,5100000.0,5215000.0,4.0,2013.0,
Carlos Hyde,carlos hyde,CLE/JAX,RB,RB,SKILL,15250000.0,5083333.0,5000000.0,3.0,2018.0,
DeVonta Smith,devonta smith,Eagles,WR,WR,SKILL,20141392.0,5035348.0,20141392.0,4.0,2021.0,
Danny Amendola,danny amendola,Lions,WR,WR,SKILL,5000000.0,5000000.0,4500000.0,1.0,2020.0,
Latavius Murray,latavius murray,Vikings,RB,RB,SKILL,15000000.0,5000000.0,3400000.0,3.0,2017.0,
Marquise Brown,marquise brown,Eagles,WR,WR,SKILL,5000000.0,5000000.0,5000000.0,1.0,2026.0,
DeAndre Hopkins,deandre hopkins,Ravens,WR,WR,SKILL,5000000.0,5000000.0,5000000.0,1.0,2025.0,
Kendrick Bourne,kendrick bourne,Cardinals,WR,WR,SKILL,10000000.0,5000000.0,6500000.0,2.0,2026.0,
Vernon Davis,vernon davis,Commanders,TE,TE,SKILL,15000000.0,5000000.0,7500000.0,3.0,2017.0,
Austin Seferian-Jenkins,austin seferian-jenkins,Jaguars,TE,TE,SKILL,10000000.0,5000000.0,4000000.0,2.0,2018.0,
David Johnson,david johnson,Texans,RB,RB,SKILL,5000000.0,5000000.0,4250000.0,1.0,2021.0,
Ladarius Green,ladarius green,Steelers,TE,TE,SKILL,20000000.0,5000000.0,4750000.0,4.0,2016.0,
D.J. Chark,d.j. chark,Panthers,WR,WR,SKILL,5000000.0,5000000.0,5000000.0,1.0,2023.0,
Cedrick Wilson Jr.,cedrick wilson jr.,Dolphins,WR,WR,SKILL,5000000.0,5000000.0,5000000.0,1.0,2023.0,
John Carlson,john carlson,Vikings,TE,TE,SKILL,25000000.0,5000000.0,7900000.0,5.0,2012.0,
Sammy Watkins,sammy watkins,Ravens,WR,WR,SKILL,5000000.0,5000000.0,5000000.0,1.0,2021.0,
Cordarrelle Patterson,cordarrelle patterson,Bears,WR,WR,SKILL,10000000.0,5000000.0,5000000.0,2.0,2019.0,
Nate Burleson,nate burleson,Lions,WR,WR,SKILL,25000000.0,5000000.0,11000000.0,5.0,2010.0,
Julian Hill,julian hill,Patriots,TE,TE,SKILL,15000000.0,5000000.0,7500000.0,3.0,2026.0,
Rishard Matthews,rishard matthews,Titans,WR,WR,SKILL,15000000.0,5000000.0,2500000.0,3.0,2016.0,
Eddie Royal,eddie royal,Bears,WR,WR,SKILL,15000000.0,5000000.0,10000000.0,3.0,2015.0,
John Brown,john brown,Ravens,WR,WR,SKILL,5000000.0,5000000.0,4000000.0,1.0,2018.0,
Mark Ingram,mark ingram,Ravens,RB,RB,SKILL,15000000.0,5000000.0,6500000.0,3.0,2019.0,
Torrey Smith,torrey smith,Eagles,WR,WR,SKILL,15000000.0,5000000.0,500000.0,3.0,2017.0,
Emmanuel Sanders,emmanuel sanders,Broncos,WR,WR,SKILL,15000000.0,5000000.0,6000000.0,3.0,2014.0,
Kendrick Bourne,kendrick bourne,Patriots,WR,WR,SKILL,15000000.0,5000000.0,5250000.0,3.0,2021.0,
Chris Rodriguez Jr.,chris rodriguez jr.,Jaguars,RB,RB,SKILL,10000000.0,5000000.0,6200000.0,2.0,2026.0,
Santana Moss,santana moss,Commanders,WR,WR,SKILL,15000000.0,5000000.0,6000000.0,3.0,2011.0,
Austin Hooper,austin hooper,Patriots,TE,TE,SKILL,5000000.0,5000000.0,4000000.0,1.0,2025.0,
Randall Cobb,randall cobb,Cowboys,WR,WR,SKILL,5000000.0,5000000.0,4000000.0,1.0,2019.0,
Jeremy Ruckert,jeremy ruckert,Jets,TE,TE,SKILL,10000000.0,5000000.0,4972157.0,2.0,2025.0,
T.J. Hockenson,t.j. hockenson,MIN/DET,TE,TE,SKILL,19821226.0,4955307.0,19821226.0,4.0,2019.0,
Dion Lewis,dion lewis,Titans,RB,RB,SKILL,19800000.0,4950000.0,5750000.0,4.0,2018.0,
Nick Boyle,nick boyle,Ravens,TE,TE,SKILL,9750000.0,4875000.0,3750000.0,2.0,2022.0,
Brent Celek,brent celek,Eagles,TE,TE,SKILL,29250000.0,4875000.0,10824706.0,6.0,2009.0,
Jordan Howard,jordan howard,Dolphins,RB,RB,SKILL,9750000.0,4875000.0,4750000.0,2.0,2020.0,
Reggie Bush,reggie bush,Dolphins,RB,RB,SKILL,9750000.0,4875000.0,2500000.0,2.0,2011.0,
C.J. Spiller,c.j. spiller,Bills,RB,RB,SKILL,24304587.0,4860917.0,11854169.0,5.0,2010.0,
Tyler Eifert,tyler eifert,Jaguars,TE,TE,SKILL,9500000.0,4750000.0,3250000.0,2.0,2020.0,
Will Dissly,will dissly,Chargers,TE,TE,SKILL,14000000.0,4666666.0,1000000.0,3.0,2024.0,
Jeremy Shockey,jeremy shockey,NO/NYG,TE,TE,SKILL,23250000.0,4650000.0,3000000.0,5.0,2005.0,
Lance Kendricks,lance kendricks,Rams,TE,TE,SKILL,18600000.0,4650000.0,5500000.0,4.0,2015.0,
Keaton Mitchell,keaton mitchell,Chargers,RB,RB,SKILL,9250000.0,4625000.0,5000000.0,2.0,2026.0,
Jason Witten,jason witten,Cowboys,TE,TE,SKILL,27600000.0,4600000.0,12000000.0,6.0,2006.0,
Brock Bowers,brock bowers,Raiders,TE,TE,SKILL,18138784.0,4534696.0,18138784.0,4.0,2024.0,
Rhett Ellison,rhett ellison,Giants,TE,TE,SKILL,18000000.0,4500000.0,8000000.0,4.0,2017.0,
Ryan Grant,ryan grant,Packers,RB,RB,SKILL,18000000.0,4500000.0,0.0,4.0,2008.0,
Ahmad Bradshaw,ahmad bradshaw,Giants,RB,RB,SKILL,18000000.0,4500000.0,9000000.0,4.0,2011.0,
Jared Cook,jared cook,Chargers,TE,TE,SKILL,4500000.0,4500000.0,4500000.0,1.0,2021.0,
C.J. Anderson,c.j. anderson,Broncos,RB,RB,SKILL,18000000.0,4500000.0,7600000.0,4.0,2016.0,
Marshawn Lynch,marshawn lynch,Raiders,RB,RB,SKILL,4500000.0,4500000.0,3500000.0,1.0,2018.0,
Mike Gesicki,mike gesicki,Patriots,TE,TE,SKILL,4500000.0,4500000.0,3550000.0,1.0,2023.0,
Travis Henry,travis henry,Broncos,RB,RB,SKILL,22500000.0,4500000.0,6000000.0,5.0,2007.0,
Marshawn Lynch,marshawn lynch,Raiders,RB,RB,SKILL,9000000.0,4500000.0,2350000.0,2.0,2017.0,
Darren Sproles,darren sproles,Eagles,RB,RB,SKILL,4500000.0,4500000.0,500000.0,1.0,2016.0,
Nyheim Miller-Hines,nyheim miller-hines,Bills,RB,RB,SKILL,9000000.0,4500000.0,2000000.0,2.0,2023.0,
Jahmyr Gibbs,jahmyr gibbs,Lions,RB,RB,SKILL,17845138.0,4461285.0,17845138.0,4.0,2023.0,
Omarion Hampton,omarion hampton,Chargers,RB,RB,SKILL,17774464.0,4443616.0,17774464.0,4.0,2025.0,
Willie Parker,willie parker,Steelers,RB,RB,SKILL,13175000.0,4391667.0,3750000.0,3.0,2006.0,
Delanie Walker,delanie walker,Titans,TE,TE,SKILL,17500000.0,4375000.0,5800000.0,4.0,2013.0,
Noah Fant,noah fant,Saints,TE,TE,SKILL,8750000.0,4375000.0,4500000.0,2.0,2026.0,
Fred Jackson,fred jackson,Bills,RB,RB,SKILL,8700000.0,4350000.0,3000000.0,2.0,2012.0,
Jerome Bettis,jerome bettis,Steelers,RB,RB,SKILL,25892000.0,4315333.0,6000000.0,6.0,2001.0,
Christian McCaffrey,christian mccaffrey,Panthers,RB,RB,SKILL,17241304.0,4310326.0,17241304.0,4.0,2017.0,
Tony Gonzalez,tony gonzalez,Chiefs,TE,TE,SKILL,21500000.0,4300000.0,10000000.0,5.0,2002.0,
Dustin Keller,dustin keller,Dolphins,TE,TE,SKILL,4250000.0,4250000.0,2250000.0,1.0,2013.0,
Tevin Coleman,tevin coleman,49ers,RB,RB,SKILL,8500000.0,4250000.0,3250000.0,2.0,2019.0,
Eddie Lacy,eddie lacy,Seahawks,RB,RB,SKILL,4250000.0,4250000.0,2865000.0,1.0,2017.0,
Tiki Barber,tiki barber,Giants,RB,RB,SKILL,25500000.0,4250000.0,3500000.0,6.0,2001.0,
Jason Witten,jason witten,Cowboys,TE,TE,SKILL,4250000.0,4250000.0,0.0,1.0,2019.0,
Austin Ekeler,austin ekeler,Commanders,RB,RB,SKILL,8430000.0,4215000.0,4210000.0,2.0,2024.0,
Jonnu Smith,jonnu smith,Dolphins,TE,TE,SKILL,8400000.0,4200000.0,3960000.0,1.0,2024.0,
Raheem Mostert,raheem mostert,Dolphins,RB,RB,SKILL,4130000.0,4130000.0,3710000.0,1.0,2024.0,
Gus Edwards,gus edwards,Ravens,RB,RB,SKILL,12384000.0,4128000.0,8000000.0,3.0,2021.0,
Shane Vereen,shane vereen,Giants,RB,RB,SKILL,12350000.0,4116667.0,4750000.0,3.0,2015.0,
Gary Barnidge,gary barnidge,Browns,TE,TE,SKILL,12300000.0,4100000.0,3250000.0,3.0,2015.0,
Owen Daniels,owen daniels,Broncos,TE,TE,SKILL,12250000.0,4083333.0,3000000.0,3.0,2015.0,
Foster Moreau,foster moreau,Saints,TE,TE,SKILL,12234000.0,4078000.0,8020000.0,3.0,2023.0,
Vernon Davis,vernon davis,49ers,TE,TE,SKILL,20275000.0,4055000.0,11880000.0,5.0,2006.0,
Matt Forte,matt forte,Jets,RB,RB,SKILL,12000000.0,4000000.0,9000000.0,3.0,2016.0,
Jamaal Williams,jamaal williams,Saints,RB,RB,SKILL,12000000.0,4000000.0,8150000.0,3.0,2023.0,
Reggie Bush,reggie bush,Lions,RB,RB,SKILL,16000000.0,4000000.0,4000000.0,4.0,2013.0,
Jeremy Shockey,jeremy shockey,Panthers,TE,TE,SKILL,4000000.0,4000000.0,1000000.0,1.0,2011.0,
Steven Jackson,steven jackson,Falcons,RB,RB,SKILL,12000000.0,4000000.0,4000000.0,3.0,2013.0,
James White,james white,Patriots,RB,RB,SKILL,12000000.0,4000000.0,4690000.0,3.0,2017.0,
Jonathan Stewart,jonathan stewart,Panthers,RB,RB,SKILL,8000000.0,4000000.0,3600000.0,2.0,2017.0,
C.J. Spiller,c.j. spiller,Saints,RB,RB,SKILL,16000000.0,4000000.0,5750000.0,4.0,2015.0,
Mark Ingram,mark ingram,Saints,RB,RB,SKILL,16000000.0,4000000.0,6100000.0,4.0,2015.0,
Frank Gore,frank gore,Colts,RB,RB,SKILL,12000000.0,4000000.0,6500000.0,3.0,2015.0,
Zack Moss,zack moss,Bengals,RB,RB,SKILL,8000000.0,4000000.0,3000000.0,2.0,2024.0,
Isaiah Crowell,isaiah crowell,Jets,RB,RB,SKILL,12000000.0,4000000.0,4000000.0,3.0,2018.0,
Latavius Murray,latavius murray,Vikings,RB,RB,SKILL,4000000.0,4000000.0,3650000.0,1.0,2018.0,
James Casey,james casey,Eagles,RB,RB,SKILL,12000000.0,4000000.0,6015000.0,3.0,2013.0,
Chris Johnson,chris johnson,Jets,RB,RB,SKILL,8000000.0,4000000.0,3000000.0,2.0,2014.0,
Ben Watson,ben watson,Browns,TE,TE,SKILL,12000000.0,4000000.0,6400000.0,3.0,2010.0,
Levine Toilolo,levine toilolo,Falcons,TE,TE,SKILL,12000000.0,4000000.0,4500000.0,3.0,2017.0,
Brock Wright,brock wright,Lions,TE,TE,SKILL,12000000.0,4000000.0,4600000.0,3.0,2024.0,
Charlie Woerner,charlie woerner,Falcons,TE,TE,SKILL,12000000.0,4000000.0,4160000.0,3.0,2024.0,
Heath Miller,heath miller,Steelers,TE,TE,SKILL,8000000.0,4000000.0,5000000.0,2.0,2014.0,
Brandon Pettigrew,brandon pettigrew,Lions,TE,TE,SKILL,16000000.0,4000000.0,5200000.0,4.0,2014.0,
Cameron Brate,cameron brate,Buccaneers,TE,TE,SKILL,8000000.0,4000000.0,4000000.0,2.0,2022.0,
Tyler Kroft,tyler kroft,Bills,TE,TE,SKILL,4000000.0,4000000.0,3400000.0,1.0,2020.0,
Jason Witten,jason witten,Raiders,TE,TE,SKILL,4000000.0,4000000.0,3500000.0,1.0,2020.0,
Jeff Heuerman,jeff heuerman,Broncos,TE,TE,SKILL,8000000.0,4000000.0,2000000.0,2.0,2019.0,
Tyler Eifert,tyler eifert,Bengals,TE,TE,SKILL,4000000.0,4000000.0,1200000.0,1.0,2019.0,
Marcedes Lewis,marcedes lewis,Jaguars,TE,TE,SKILL,12000000.0,4000000.0,5000000.0,3.0,2016.0,
Marcedes Lewis,marcedes lewis,Packers,TE,TE,SKILL,8000000.0,4000000.0,2100000.0,2.0,2021.0,
Darren Fells,darren fells,Browns,TE,TE,SKILL,12000000.0,4000000.0,4650000.0,3.0,2018.0,
Jake Tonges,jake tonges,49ers,TE,TE,SKILL,8000000.0,4000000.0,5450000.0,2.0,2026.0,
Brent Celek,brent celek,Eagles,TE,TE,SKILL,12000000.0,4000000.0,5000000.0,3.0,2016.0,
Anthony Fasano,anthony fasano,Chiefs,TE,TE,SKILL,16000000.0,4000000.0,4500000.0,2.0,2013.0,
